id,sentiment_result,cleaned
204,4,pemilu yang berkualitas dan demokratis menjadi tonggak kemajuan indonesia 
205,0,pemilu damai di daerah konflik simbol kemajuan demokrasi indonesia pemungutan suara yang aman di papua dan daerah konflik lain menjadi simbol kemajuan demokrasi indonesia 
206,0,pemilu damai di daerah konflik simbol kemajuan demokrasi indonesia pemungutan suara yang aman di papua dan daerah konflik lain menjadi simbol kemajuan demokrasi indonesia 
207,9.450000000000001,menurut uu hasil pemilu ditentukan oleh suara sah pemilih dalam pemungutan suara yang teratur 
208,3,ingat bangsa indonesia cinta kedamaian 
209,2,hidup aman dan damai adalah impian masyarakat indonesia 
210,0,pemungutan suara yang aman di papua dan daerah konflik lain menjadi simbol kemajuan demokrasi indonesia 
211,4,stabilitas nasional pasca pemilu 
212,9.450000000000001,pemilu dinilai sebagai representatif musyawarah dalam menentukan pemimpin 
213,7,pujian internasional terhadap penyelenggaraan pemilu indonesia yang damai dan demokratis khususnya dari peemuan asean australia 
214,12,tunggu hasil pemilu dengan damai mari kita hargai pilihan orang lain dan hasil pemilu 
215,1,ciptakan perdamaian untuk menjadikan bangsa indonesia yang lebih maju dalam berdemokrasi 
216,7.0,indonesia merupakan bangsa yang besar untuk itulah kita harus dewasa dalam menyikapi pasca pemilu 
217,1,pemilu telah usai mari kita saling merangkul lagi 
218,7,pujian internasional terhadap penyelenggaraan pemilu indonesia yang damai dan demokratis khususnya dari peemuan asean australia 
219,8,yuk tetap ciptakan suasana damai pasca pemilu 
220,19,ktt ini menegaskan pentingnya menerima hasil pemilu dan mendukung pemenang mendorong semua pihak untuk bersatu mempercepat pemulihan kondusifitas dan pembangunan indonesia 
221,7,pujian internasional terhadap penyelenggaraan pemilu indonesia yang damai dan demokratis khususnya dari peemuan asean australia 
222,6,mari kita jaga kondusifitas pasca pemilu 
223,7,pujian internasional terhadap penyelenggaraan pemilu indonesia yang damai dan demokratis 
224,0,banyak pihak mengapresiasi pemilu damai indonesia 
225,5,pemilu damai indonesia dan ajakan untuk rekonsiliasi nasional 
226,5,apresiasi internasional untuk pemilu damai indonesia dan ajakan untuk rekonsiliasi nasional 
227,7,pujian internasional terhadap penyelenggaraan pemilu indonesia yang damai dan demokratis khususnya dari peemuan asean australia 
228,19,ktt ini menegaskan pentingnya menerima hasil pemilu dan mendukung pemenang mendorong semua pihak untuk bersatu mempercepat pemulihan kondusifitas dan pembangunan indonesia 
229,0,banyak pihak mengapresiasi pemilu damai indonesia 
230,0,indonesia damai 
231,-4,cegah perpecahan antar kelompok politik pasca pemilu 
232,7.0,bulan ramadan harus menjadi momentum untuk meredam konflik pasca pemilu 
233,0,pemilu damai 
234,-1,dari peemuan asean australia menjadi motivasi bagi indonesia untuk mengatasi polarisasi dan merajut kembali harmoni nasional 
235,8,mari kita bersatu untuk meredam konflik dan perpecahan 
236,2,mewujudkan kondusifitas pasca pemilu demi terciptanya kerukunan bangsa 
237,12,kpu ri memulai rapat pleno terbuka rekapitulasi suara pemilu menekankan pada transparansi dan integritas hasil 
238,19,kpu daerah melaporkan keberhasilan rapat pleno terbuka penghitungan suara yang aman dan lancar menegaskan pentingnya transparansi dan akuntabilitas dalam pemilu rapat pleno 
239,12,kpu ri memulai rapat pleno terbuka rekapitulasi suara pemilu menekankan pada transparansi dan integritas hasil 
240,6,pujian internasional terhadap penyelenggaraan pemilu indonesia yang damai dan demokratis khususnya dari peemuan asean australia menjadi motivasi bagi indonesia untuk mengatasi polarisasi dan merajut kembali harmoni nasional 
241,18,kpu daerah melaporkan keberhasilan rapat pleno terbuka penghitungan suara yang aman dan lancar menegaskan pentingnya transparansi dan akuntabilitas dalam pemilu 
242,15,indonesia telah menunjukkan kedewasaan dalam proses demokrasi dengan kesadaran tinggi akan nilai kebangsaan dan kemanusiaan sebagai fondasi utama menghadapi masa depan 
243,7,kpu bali berkomitmen untuk menjadi provinsi peama yang menyelesaikan rekapitulasi suara nasional dengan cepat dan akurat 
244,-2,kpu telah menunjukkan dedikasi luar biasa dalam menggelar pemilu meskipun menghadapi kendala teknis sepei masalah aplikasi sirekap dan pelaksanaan psu di beberapa tempat 
245,3,hormati proses rekapitulasi suara nasional pemilu di kpu ri 
246,9,bulan ramadhan jadi momentum untuk persatuan dan kesatuan pasca pemilu 
247,4,pentingnya mempeahankan stabilitas keamanan pasca pemilu 
248,-2,bangun ruang digital bersih dan sehat untuk demokrasi indonesia yg kuat pemilu tanpa hoax 
249,3,imbauan menghormati proses rekapitulasi suara nasional pemilu di kpu ri 
250,11,klarifikasi data dpt dan penanganan honorarium sea kesehatan petugas kpps menjadi prioritas untuk menjaga transparansi dan meningkatkan kepercayaan publik terhadap hasil pemilu 
251,3,hak angket di dpr ri tidak akan mengubah hasil pemilu 
252,11,penyelenggara pemilu mengimbau pelaporan kecurangan secara resmi sementara tokoh masyarakat mengajak untuk menjaga ketenangan dan tidak terprovokasi oleh informasi palsu 
253,11,adanya hak angket atau interpelasi menjadi langkah yang sangat tepat urgent strategis dan konstitusional sehingga memerlukan dukungan publik yang meluas 
254,4,upaya kpu hadapi tantangan pemilu demi wujudkan prinsip luberjurdil klarifikasi data dpt dan penanganan honorarium sea kesehatan petugas kpps menjadi prioritas untuk menjaga transparansi 
255,11,klarifikasi data dpt dan penanganan honorarium sea kesehatan petugas kpps menjadi prioritas untuk menjaga transparansi dan meningkatkan kepercayaan publik terhadap hasil pemilu 
256,-10,kpu telah menjalankan tahap kritis pemilu dengan berbagai tantangan sepei pencoblosan ulang di beberapa wilayah karena faktor geografis dan cuaca sea penghitungan suara ulang 
257,21,mk telah menjalankan tugas menyelesaikan sengketa pemilu sesuai peraturan perundang undangan membuat keputusannya final dan tak terpengaruh oleh hak angket dpr 
258,18,mahkamah konstitusi mk telah menjalankan tugas menyelesaikan sengketa pemilu sesuai peraturan perundang undangan membuat keputusannya final dan tak final 
259,-4,hak angket meskipun merupakan alat kontrol parlemen jika digunakan dalam konteks ini berpotensi menimbulkan ketidakstabilan politik 
260,4.050000000000001,hasil pemilu ditentukan oleh suara sah pemilih dalam pemungutan suara yang teratur hak angket meskipun merupakan alat kontrol parlemen jika digunakan dalam konteks ini berpotensi menimbulkan ketidakstabilan politik 
261,11,pemilu adanya hak angket atau interpelasi menjadi langkah yang sangat tepat urgent strategis dan konstitusional sehingga memerlukan dukungan publik yang meluas 
262,-7,pahami peran mahkamah konstitusi dan hak angket dpr dalam sistem demokrasi pemilu 
263,-2,kalian udah memilih nih 
264,8,dukung pemilu tanpa kecurangan kawal suara real count di sirekap untuk demokrasi sehat 
265,-1,jangan biarkan hoax memecah belah bersatu kita teguh menjaga kerukunan dan persatuan sebelum saat dan setelah pemilu 
266,13,pemung tan s ara sudah kita laluidenganlancar dan gembira selanj tnya mari kita kawal penghitungans ara dengan damai dan hormati hasilnya 
267,7,sirekap dan kawalpemilu inovasi dalam pemilu untuk demokrasi yang transparan 
268,-3,tolak segala provokasi dan hoax penghitungan suara untuk menjaga pemilu aman damai dan kondusif 
269,45.9375,semua paslon pasti memiliki rencana kerja yang terbaik bagi bangsa siapapun yang menang juga pasti akan melakukan yang terbaik demi kemajuan bangsa 
270,15,pemilu damai bersatu pasca pemilu dukung dialog antarpasangan calon dan tunggu pengumuman resmi hasil pemilu oleh kpu ri 
271,18,pemilu meski penuh ketegangan dalam kampanye dan pemungutan suara berhasil diadakan dalam suasana damai 
272,12,kita telah berhasil melaksanakan pemungutan suara secara damai sekarang waktunya menjaga perdamaian itu sambil menunggu hasil penghitungan suara oleh kpu 
273,19,dengan menyerukan penerimaan hasil pemilu sebagai refleksi kepercayaan rakyat yang berdampak pada ekonomi mari kawal pemilu damai sampai selesai 
274,5.25,kedua inisiatif teknologi ini beujuan untuk mengurangi manipulasi suara dan menjamin integritas proses demokrasi menandai langkah maju dalam memastikan pemilu yang transparan dan adil 
275,2,perlu meningkatkan kesadaran publik terhadap hoaks dan memperkuat komitmen bersama dalam melawan disinformasi menjadi esensial 
276,14,demokrasi yang stabil dan sehat akan menjadi dasar bagi pemerintahan yang baik good governance pembangunan berkelanjutan dan kemajuan di segala sektor bagi indonesia 
277,7,tenang pak dzikri saya sudah bantu cek yg di input di kpu sudah benar ini ya pak scnya mana tau butuh senang membantu anda 
278,17,upy bersama ini esensial untuk memastikan proses pemilu yang lancar dan transparan mendukung legitimasi hasil dan memperkuat fondasi demokrasi dengan informasi yang akurat 
279,18,pemilu damai bersatu pasca pemilu dukung dialog antarpasangan calon dan tunggu pengumuman resmi hasil pemilu oleh kpu ri demokrasi hanya bisa maju jika kita bersatu 
280,-3,bersama wujudkan pemilu damai tanpa intimidasi 
281,18,pemilu meski penuh ketegangan dalam kampanye dan pemungutan suara berhasil diadakan dalam suasana damai 
282,8,terima kasih atas terwujudnya pemilu yang kondusif karena seluruh rakyat sudah menjaga keamanan dan kedamaian selalu 
283,-3,tolak segala provokasi dan hoax penghitungan suara untuk menjaga pemilu aman damai dan kondusif 
284,19,dengan menyerukan penerimaan hasil pemilu sebagai refleksi kepercayaan rakyat yang berdampak pada ekonomi mari kawal pemilu damai sampai selesai 
285,5.25,kedua inisiatif teknologi ini beujuan untuk mengurangi manipulasi suara dan menjamin integritas proses demokrasi menandai langkah maju dalam memastikan pemilu yang transparan dan adil 
286,2,bismillahirohmanirohim izin yaa bukan apa apa tapi ga sepantas nya juga lo semua doa buruk begini tapi krna doa nya buat diri sendiri gue ga mau ngetik banyak deh istigfar aja kata gue seriuss semoga ga jabah ya sama yg diatas 
287,6,jaga pemilu damai pemilu yang berkualitas dan demokratis menjadi tonggak kemajuan indonesia 
288,9,kpu telah menciptakan aplikasi sirekap inovasi revolusioner untuk penghitungan suara yang cepat dan akurat untuk pemilu 
289,19,apkam organisasi sepei pbnu memainkan peran krusial dalam menjaga stabilitas mengajak semua pihak menghormati hasil pemilu demi pembangunan harmoni sosial 
290,15,persatuan dan kesatuan bangsa adalah kunci untuk mencapai pembangunan yang berkelanjutan 
291,10,hasil patroli pengawasan bawaslu melalui aplikasi siwaslu di provinsi hingga februari mengungkap masalah pada proses pemungutan dan penghitungan suara pemilu 
292,16,aparat keamanan dan organisasi sepei pbnu memainkan peran krusial dlam menjaga stabilitas amp mengajak semua pihak menghormati hasil pemilu demi pembangunan amp harmoni sosial 
293,7,pencoblosan sudah dilaksanakan pilihan boleh beda tetapi kebersamaan persatuan dan kesatuan bangsa haruslah kita jaga 
294,10,pentingnya transparansi sirekap untuk mencegah potensi delegitimasi hasil pemilu 
295,12,menjaga kedamaian pasca pemilu kunci membangun demokrasi yang kuat pentingnya kedamaian pasca pemilu tidak bisa diabaikan sebagai fondasi utama membangun negara yang demokratis 
296,3,stop hoaks 
297,10,waspada hoaks dan provokasi mari jaga kedamaian pasca pemilu 
298,3,stop hoaks 
299,0,hoaks mis informasi dan dis informasi musuh kita bersama 
300,0,segregasi dan konflik horizontal seolah menjadi residu yang tidak dapat langsung dihilangkan pasca pemilu 
301,-4,penggunaan hak angket pasca pemilu oleh kelompok kelompok yang tidak puas dengan hasil perhitungan suara merupakan pendekatan yang keliru 
302,12,efisiensi dan ketetapan waktu adalah kunci pemilu yang damai mari bersama kita jaga kondusitifitas dan ciptakan indonesia yang maju 
303,2,jaga perdamaian dan persaudaraan pasca pelaksanaan pemilu agar terhindar dari perpecahan bangsa 
304,13,keamanan dan kondusifitas pasca pemilu dapat dimaknai sebagai pesta demokrasi indonesia yang berjalan aman dan lancar 
305,15,rapat pleno terbuka ini diharapkan meningkatkan paisipasi publik dalam pengawasan dan validasi hasil pemungutan suara 
306,12,rekonsiliasi dan pembangunan kebangsaan pasca pemilu dianggap langkah esensial untuk memperkuat persatuan dan kesatuan bangsa 
307,8,keberhasilan ini juga menunjukkan profesionalisme kpu daerah memberi publik kepercayaan pada integritas dan keabsahan hasil pemilu 
308,7,perolehan suara dari tingkat tps distrik hingga kabupaten tidak ada perubahan sehingga pelaksanaan rapat lainnya dapat berjalan sesuai regulasi yang ada 
309,10,demokrasi yang sehat memandang pentingnya paisipasi bukan hanya sebagai hak memberi suara namun juga tanggung jawab membangun masyarakat yang adil dan inklusif 
310,0,menciptakan situasi kondusif pasca pemilu memerlukan kerjasama pemerintah aparat keamanan masyarakat dan individu 
311,-5,waspada hoax selalu cek kebenaran dari setiap informasi untuk menjaga pelaksanaan pemilu rip legend dr slump bali 
312,3,bangun ruang digital bersih dan sehat untuk demokrasi indonesia yang kuat 
313,8,indonesia menunjukkan kedewasaan demokrasi dengan persatuan dan keharmonisan 
314,10,dukung sinergitas semua pihak untuk menjaga stabilitas pasca pemilu 
315,5,kinerja kpu di pemilu menunjukkan komitmen kuat pada keadilan dan transparansi melalui regulasi ketat dan adaptasi terhadap tantangan daerah 
316,6.75,rekapitulasi suara di daerah berlangsung lancar dan kondusif kondusivitas rapat pleno tidak hanya meningkatkan nilai demokrasi juga mengurangi potensi konflik kepentingan yang bisa merugikan pemerintah 
317,8,indonesia menunjukkan kedewasaan demokrasi pada pemilu dengan persatuan dan keharmonisan 
318,5,kinerja kpu di pemilu menunjukkan komitmen kuat pada keadilan dan transparansi melalui regulasi ketat dan adaptasi terhadap tantangan daerah 
319,1.75,rapat pleno rekapitulasi suara yang diwajibkan oleh uu pemilu no tahun dan pkpu no tahun berperan vital dalam menjaga integritas pemilu 
320,1,solidaritas nasional dan penolakan terhadap provokasi menegaskan pentingnya kolaborasi antar elemen bangsa untuk stabilitas dan kemajuan indonesia pasca pemilu 
321,18,kpu daerah melaporkan keberhasilan rapat pleno terbuka penghitungan suara yang aman dan lancar menegaskan pentingnya transparansi dan akuntabilitas dalam pemilu 
322,15,indonesia telah menunjukkan kedewasaan dalam proses demokrasi dengan kesadaran tinggi akan nilai kebangsaan dan kemanusiaan sebagai fondasi utama menghadapi masa depan 
323,13,pelaksanaan pemilu serentak dapat terlaksana berkat profesionalisme dan integritas kpu ditunjang sosialisasi dan koordinasi efektif dengan berbagai pihak 
324,2,kpu telah menunjukkan dedikasi luar biasa dalam menggelar pemilu meskipun menghadapi kendala teknis sepei masalah sirekap dan pelaksanaan psu di beberapa tempat 
325,15,indonesia telah menunjukkan kedewasaan dalam proses demokrasi dengan kesadaran tinggi akan nilai kebangsaan dan kemanusiaan sebagai fondasi utama menghadapi masa depan 
326,10,pujian internasional terhadap penyelenggaraan pemilu indonesia yang damai dan demokratis khususnya dari peemuan asean australia menjadi motivasi bagi indonesia 
327,13,dengan keterlibatan langsung saksi paai dan pengawasan publik diharapkan dapat mengeliminasi potensi manipulasi memperkuat kepercayaan publik dan menjamin legitimasi demokrasi 
328,10,kesuksesan pemilu yang berlangsung aman dan kondusif adalah hasil dari koordinasi dan kerjasama antar stakeholder dan masyarakat 
329,19,kpu ri memulai rapat pleno terbuka rekapitulasi suara pemilu menekankan pada transparansi dan integritas hasil masyarakat diminta bersabar dan menjaga kedamaian 
330,-2,kpu telah berdedikasi luar biasa dalam menggelar pemilu meskipun menghadapi kendala teknis sepei masalah aplikasi sirekap dan pelaksanaan psu di beberapa tempat 
331,19,ktt ini menegaskan pentingnya menerima hasil pemilu dan mendukung pemenang mendorong semua pihak untuk bersatu mempercepat pemulihan kondusifitas dan pembangunan indonesia 
332,-1.75,bulan ramadhan harus menjadi momentum untuk meredam konflik dan perpecahan antar kelompok 
333,0,kapolsek habinsaran besea anggota laksanakan giat monitoring dan pengamanan rekap suara tingkat kecamatan di wilkum polsek habinsaran 
334,5.25,kedua inisiatif teknologi ini beujuan untuk mengurangi manipulasi suara dan menjamin integritas proses demokrasi menandai langkah maju dalam memastikan pemilu yang transparan dan adil 
335,-5,kapolrestabes palembang besea wakapolrestabes palembang cek keamanan dan kesiapan ppk dalam melaksanakan rekapitulasi sekaligus memberikan motivasi kepada personel pengamanan dalam rangkaian pemilu tahun 
336,6,jaga pemilu damai pemilu yang berkualitas dan demokratis menjadi tonggak kemajuan indonesia 
337,7,kawal pemilu damai sampai selesai pemilu yang berkualitas dan demokratis menjadi tonggak kemajuan indonesia 
338,19,ayo awasi dan kawal jalanya perhitungan suara pemilu pemilu yang berkualitas dan demokratis menjadi tonggak kemajuan indonesia 
339,9,pengamanan tahap rekapitulasi hitung suara pemilu polresta denpasar dan polsek jajaran memastikan keamanan dalam tahap rekapitulasi hitung suara pemilu yang dilaksanakan di masing masing ppk kecamatan di daerah hukum polresta denpasar 
340,4,pemilu yang berkualitas dan demokratis menjadi tonggak kemajuan indonesia 
341,4,pemilu yang berkualitas dan demokratis menjadi tonggak kemajuan indonesia 
342,15,persatuan dan kesatuan bangsa adalah kunci untuk mencapai pembangunan yang berkelanjutan 
343,0,pemungutan suara yang aman di papua dan daerah konflik lain menjadi simbol kemajuan demokrasi indonesia 
344,0,pemilu damai di daerah konflik simbol kemajuan demokrasi indonesia pemungutan suara yang aman di papua dan daerah konflik lain menjadi simbol kemajuan demokrasi indonesia 
345,15,persatuan dan kesatuan bangsa adalah kunci untuk mencapai pembangunan yang berkelanjutan 
346,15,hak angket bukan untuk mencari kalah dan menang ya tetapi mencari kebenaran soal pelaksanaan uu atau kebijakan pemerintah moeldoko mkmk sirekap 
347,14,ketenangan pemilu di papua dan daerah konflik mencerminkan kemajuan demokrasi indonesia peran penting aparat keamanan dan pbnu dalam menjaga stabilitas dan menghormati hasil pemilu 
348,8,indonesia menunjukkan kedewasaan demokrasi dengan persatuan dan keharmonisan 
349,-13,kpu telah menjalankan tahap kritis pemilu dengan berbagai tantangan sepei pencoblosan ulang di beberapa wilayah karena faktor geografis dan cuaca 
350,11,klarifikasi data dpt dan penanganan honorarium sea kesehatan petugas kpps menjadi prioritas untuk menjaga transparansi dan meningkatkan kepercayaan publik terhadap hasil pemilu 
351,16,mahkamah konstitusi telah menjalankan tugas sengketa pemilu sesuai peraturan perundang undangan membuat keputusannya final dan tak terpengaruh oleh hak angket dpr 
352,-10,kpu telah menjalankan tahap kritis pemilu dengan berbagai tantangan sepei pencoblosan ulang di beberapa wilayah karena faktor geografis dan cuaca sea penghitungan suara ulang 
353,11,klarifikasi data dpt dan penanganan honorarium sea kesehatan petugas kpps menjadi prioritas untuk menjaga transparansi dan meningkatkan kepercayaan publik terhadap hasil pemilu 
354,2,perbedaan pendapat pasca pemilu antara masyarakat pemerintah dan akar rumput membutuhkan penanganan yang bijaksana 
355,16,dengan pemilihan yang berjalan adil dan terbuka diharapkan dapat mendorong situasi damai dan stabilitas mendukung kemajuan dan pembangunan indonesia 
356,5,kinerja kpu di pemilu menunjukkan komitmen kuat pada keadilan dan transparansi melalui regulasi ketat dan adaptasi terhadap tantangan daerah 
357,12,rekonsiliasi dan pembangunan kebangsaan pasca pemilu dianggap langkah esensial untuk memperkuat persatuan dan kesatuan bangsa 
358,15,indonesia telah menunjukkan kedewasaan dalam proses demokrasi dengan kesadaran tinggi akan nilai kebangsaan dan kemanusiaan sebagai fondasi utama menghadapi masa depan 
359,7.5,kondusivitas rapat pleno tidak hanya meningkatkan nilai demokrasi tetapi juga mengurangi potensi konflik kepentingan yang bisa merugikan pemerintah ini merupakan langkah esensial untuk suksesnya pesta demokrasi 
360,-2,bangun ruang digital bersih dam sehat untuk demokrasi indonesia pemilu tanpa hoaks 
361,-1,hoaks misinformasi dan disinformasi musuh kita bersama pemilu sukses damai dan bermaabat 
362,15,indonesia telah menunjukkan kedewasaan dalam proses demokrasi dengan kesadaran tinggi akan nilai kebangsaan dan kemanusiaan sebagai fondasi utama menghadapi masa depan 
363,15,indonesia telah menunjukkan kedewasaan dalam proses demokrasi dengan kesadaran tinggi akan nilai kebangsaan dan kemanusiaan sebagai fondasi utama menghadapi masa depan 
364,15,indonesia telah menunjukkan kedewasaan dalam proses demokrasi dengan kesadaran tinggi akan nilai kebangsaan dan kemanusiaan sebagai fondasi utama menghadapi masa depan 
365,18,kpu daerah melaporkan keberhasilan rapat pleno terbuka penghitungan suara yang aman dan lancar menegaskan pentingnya transparansi dan akuntabilitas dalam pemilu 
366,9,jaga keberagaman dan hindari konflik dengan menyebarkan informasi yang benar b
367,6,pujian internasional terhadap penyelenggaraan pemilu indonesia yang damai dan demokratis khususnya dari peemuan asean australia menjadi motivasi bagi indonesia untuk mengatasi polarisasi dan merajut kembali harmoni nasional 
368,5,apresiasi internasional untuk pemilu damai indonesia dan ajakan untuk rekonsiliasi nasional 
369,-1,motivasi bagi indonesia untuk mengatasi polarisasi dan merajut kembali harmoni nasional 
370,12,kpu ri memulai rapat pleno terbuka rekapitulasi suara pemilu menekankan pada transparansi dan integritas hasil 
371,-3.5,bulan ramadhan harus menjadi momentum untuk meredam konflik dan perpecahan antar kelompok politik setelah pasca masa pemilu 
372,7,pujian internasional terhadap penyelenggaraan pemilu indonesia yang damai dan demokratis khususnya dari peemuan asean australia 
373,19,ktt ini menegaskan pentingnya menerima hasil pemilu dan mendukung pemenang mendorong semua pihak untuk bersatu mempercepat pemulihan kondusifitas dan pembangunan indonesia 
374,18,jangan mudah terprovokasi tunggu hasil resmi kpu mari sukseskan pemilu dengan aman dan damai 
375,0,hak angket dpr tidak mewakili aspirasi rakyat 
376,16,bersabar menunggu hasil pemilu yang akan disampaikan oleh kpu mari sukseskan pemilu dengan aman dan damai 
377,9,pemilu yang berkualitas dan demokratis menjadi tonggak kemajuan indonesia paisipasi masyarakat yang aktif persatuan nasional kondusivitas keamanan 
378,9,demokrasi hanya bisa maju jika kita bersatu ayo wujudkan pemilu damai 
379,9,imbauan sejumlah tokoh untuk menjaga persatuan dan suasana damai pasca pemungutan suara pemilu 
380,17,upy bersama ini esensial untuk memastikan proses pemilu yang lancar dan transparan mendukung legitimasi hasil dan memperkuat fondasi demokrasi dengan informasi yang akurat 
381,5,penghargaan diberikan kepada bangsa indonesia yang di tahun politik ini berhasil menjaga persatuan meskipun terdapat perbedaan pilihan politik 
382,4,pemilu yang berkualitas dan demokratis menjadi tonggak kemajuan indonesia 
383,9,kpu telah menciptakan aplikasi sirekap inovasi revolusioner untuk penghitungan suara yang cepat dan akurat untuk pemilu 
384,14.850000000000001,menurut undang undang hasil pemilu ditentukan oleh suara sah pemilih dalam pemungutan suara yang teratur 
385,-4,penggunaan hak angket pasca pemilu oleh kelompok kelompok yang tidak puas dengan hasil perhitungan suara merupakan pendekatan yang keliru 
386,-13,kpu telah menjalankan tahap kritis pemilu dengan berbagai tantangan sepei pencoblosan ulang di beberapa wilayah karena faktor geografis dan cuaca 
387,0,pemungutan suara yang aman di papua dan daerah konflik lain menjadi simbol kemajuan demokrasi indonesia 
388,-10,kpu telah menjalankan tahap kritis pemilu dengan berbagai tantangan sepei pencoblosan ulang di beberapa wilayah karena faktor geografis dan cuaca sea penghitungan suara ulang 
389,5,demi mewujudkan pemilu yang damai dan bermaabat pentingnya kesadaran kolektif dalam melawan penyebaran hoaks 
390,6,membangun kedamaian pasca pemilu mewujudkan keadilan toleransi dan inklusivitas 
391,12,kpu ri memulai rapat pleno terbuka rekapitulasi suara pemilu menekankan pada transparansi dan integritas hasil 
392,8,indonesia menunjukkan kedewasaan demokrasi dengan persatuan dan keharmonisan 
393,6,pujian internasional terhadap penyelenggaraan pemilu indonesia yang damai dan demokratis khususnya dari peemuan asean australia menjadi motivasi bagi indonesia untuk mengatasi polarisasi dan merajut kembali harmoni nasional 
394,7,pujian internasional terhadap penyelenggaraan pemilu indonesia yang damai dan demokratis 
395,6,pujian internasional terhadap penyelenggaraan pemilu indonesia yang damai dan demokratis khususnya dari peemuan asean australia menjadi motivasi bagi indonesia untuk mengatasi polarisasi dan merajut kembali harmoni nasional 
396,-3,sinergitas semua pihak penting untuk mengatasi isu dan menjaga kondusivitas pasca pemilu 
397,12,kpu ri memulai rapat pleno terbuka rekapitulasi suara pemilu menekankan pada transparansi dan integritas hasil 
398,0,hak angket dpr tidak mewakili aspirasi rakyat 
399,-2,kpu telah menunjukkan dedikasi luar biasa dalam menggelar pemilu meskipun menghadapi kendala teknis sepei masalah aplikasi sirekap dan pelaksanaan psu di beberapa tempat 
400,12,kpu ri memulai rapat pleno terbuka rekapitulasi suara pemilu menekankan pada transparansi dan integritas hasil 
401,19,ktt ini menegaskan pentingnya menerima hasil pemilu dan mendukung pemenang mendorong semua pihak untuk bersatu mempercepat pemulihan kondusifitas dan pembangunan indonesia 
402,6,pujian internasional terhadap penyelenggaraan pemilu indonesia yang damai dan demokratis menjadi motivasi bagi indonesia untuk mengatasi polarisasi dan merajut kembali harmoni nasional 
204,4,pemilu yang berkualitas dan demokratis menjadi tonggak kemajuan indonesia 
205,0,pemilu damai di daerah konflik simbol kemajuan demokrasi indonesia pemungutan suara yang aman di papua dan daerah konflik lain menjadi simbol kemajuan demokrasi indonesia 
206,0,pemilu damai di daerah konflik simbol kemajuan demokrasi indonesia pemungutan suara yang aman di papua dan daerah konflik lain menjadi simbol kemajuan demokrasi indonesia 
207,9.450000000000001,menurut uu hasil pemilu ditentukan oleh suara sah pemilih dalam pemungutan suara yang teratur 
208,3,ingat bangsa indonesia cinta kedamaian 
209,2,hidup aman dan damai adalah impian masyarakat indonesia 
210,0,pemungutan suara yang aman di papua dan daerah konflik lain menjadi simbol kemajuan demokrasi indonesia 
211,4,stabilitas nasional pasca pemilu 
212,9.450000000000001,pemilu dinilai sebagai representatif musyawarah dalam menentukan pemimpin 
213,7,pujian internasional terhadap penyelenggaraan pemilu indonesia yang damai dan demokratis khususnya dari peemuan asean australia 
214,12,tunggu hasil pemilu dengan damai mari kita hargai pilihan orang lain dan hasil pemilu 
215,1,ciptakan perdamaian untuk menjadikan bangsa indonesia yang lebih maju dalam berdemokrasi 
216,7.0,indonesia merupakan bangsa yang besar untuk itulah kita harus dewasa dalam menyikapi pasca pemilu 
217,1,pemilu telah usai mari kita saling merangkul lagi 
218,7,pujian internasional terhadap penyelenggaraan pemilu indonesia yang damai dan demokratis khususnya dari peemuan asean australia 
219,8,yuk tetap ciptakan suasana damai pasca pemilu 
220,19,ktt ini menegaskan pentingnya menerima hasil pemilu dan mendukung pemenang mendorong semua pihak untuk bersatu mempercepat pemulihan kondusifitas dan pembangunan indonesia 
221,7,pujian internasional terhadap penyelenggaraan pemilu indonesia yang damai dan demokratis khususnya dari peemuan asean australia 
222,6,mari kita jaga kondusifitas pasca pemilu 
223,7,pujian internasional terhadap penyelenggaraan pemilu indonesia yang damai dan demokratis 
224,0,banyak pihak mengapresiasi pemilu damai indonesia 
225,5,pemilu damai indonesia dan ajakan untuk rekonsiliasi nasional 
226,5,apresiasi internasional untuk pemilu damai indonesia dan ajakan untuk rekonsiliasi nasional 
227,7,pujian internasional terhadap penyelenggaraan pemilu indonesia yang damai dan demokratis khususnya dari peemuan asean australia 
228,19,ktt ini menegaskan pentingnya menerima hasil pemilu dan mendukung pemenang mendorong semua pihak untuk bersatu mempercepat pemulihan kondusifitas dan pembangunan indonesia 
229,0,banyak pihak mengapresiasi pemilu damai indonesia 
230,0,indonesia damai 
231,-4,cegah perpecahan antar kelompok politik pasca pemilu 
232,7.0,bulan ramadan harus menjadi momentum untuk meredam konflik pasca pemilu 
233,0,pemilu damai 
234,-1,dari peemuan asean australia menjadi motivasi bagi indonesia untuk mengatasi polarisasi dan merajut kembali harmoni nasional 
235,8,mari kita bersatu untuk meredam konflik dan perpecahan 
236,2,mewujudkan kondusifitas pasca pemilu demi terciptanya kerukunan bangsa 
237,12,kpu ri memulai rapat pleno terbuka rekapitulasi suara pemilu menekankan pada transparansi dan integritas hasil 
238,19,kpu daerah melaporkan keberhasilan rapat pleno terbuka penghitungan suara yang aman dan lancar menegaskan pentingnya transparansi dan akuntabilitas dalam pemilu rapat pleno 
239,12,kpu ri memulai rapat pleno terbuka rekapitulasi suara pemilu menekankan pada transparansi dan integritas hasil 
240,6,pujian internasional terhadap penyelenggaraan pemilu indonesia yang damai dan demokratis khususnya dari peemuan asean australia menjadi motivasi bagi indonesia untuk mengatasi polarisasi dan merajut kembali harmoni nasional 
241,18,kpu daerah melaporkan keberhasilan rapat pleno terbuka penghitungan suara yang aman dan lancar menegaskan pentingnya transparansi dan akuntabilitas dalam pemilu 
242,15,indonesia telah menunjukkan kedewasaan dalam proses demokrasi dengan kesadaran tinggi akan nilai kebangsaan dan kemanusiaan sebagai fondasi utama menghadapi masa depan 
243,7,kpu bali berkomitmen untuk menjadi provinsi peama yang menyelesaikan rekapitulasi suara nasional dengan cepat dan akurat 
244,-2,kpu telah menunjukkan dedikasi luar biasa dalam menggelar pemilu meskipun menghadapi kendala teknis sepei masalah aplikasi sirekap dan pelaksanaan psu di beberapa tempat 
245,3,hormati proses rekapitulasi suara nasional pemilu di kpu ri 
246,9,bulan ramadhan jadi momentum untuk persatuan dan kesatuan pasca pemilu 
247,4,pentingnya mempeahankan stabilitas keamanan pasca pemilu 
248,-2,bangun ruang digital bersih dan sehat untuk demokrasi indonesia yg kuat pemilu tanpa hoax 
249,3,imbauan menghormati proses rekapitulasi suara nasional pemilu di kpu ri 
250,11,klarifikasi data dpt dan penanganan honorarium sea kesehatan petugas kpps menjadi prioritas untuk menjaga transparansi dan meningkatkan kepercayaan publik terhadap hasil pemilu 
251,3,hak angket di dpr ri tidak akan mengubah hasil pemilu 
252,11,penyelenggara pemilu mengimbau pelaporan kecurangan secara resmi sementara tokoh masyarakat mengajak untuk menjaga ketenangan dan tidak terprovokasi oleh informasi palsu 
253,11,adanya hak angket atau interpelasi menjadi langkah yang sangat tepat urgent strategis dan konstitusional sehingga memerlukan dukungan publik yang meluas 
254,4,upaya kpu hadapi tantangan pemilu demi wujudkan prinsip luberjurdil klarifikasi data dpt dan penanganan honorarium sea kesehatan petugas kpps menjadi prioritas untuk menjaga transparansi 
255,11,klarifikasi data dpt dan penanganan honorarium sea kesehatan petugas kpps menjadi prioritas untuk menjaga transparansi dan meningkatkan kepercayaan publik terhadap hasil pemilu 
256,-10,kpu telah menjalankan tahap kritis pemilu dengan berbagai tantangan sepei pencoblosan ulang di beberapa wilayah karena faktor geografis dan cuaca sea penghitungan suara ulang 
257,21,mk telah menjalankan tugas menyelesaikan sengketa pemilu sesuai peraturan perundang undangan membuat keputusannya final dan tak terpengaruh oleh hak angket dpr 
258,18,mahkamah konstitusi mk telah menjalankan tugas menyelesaikan sengketa pemilu sesuai peraturan perundang undangan membuat keputusannya final dan tak final 
259,-4,hak angket meskipun merupakan alat kontrol parlemen jika digunakan dalam konteks ini berpotensi menimbulkan ketidakstabilan politik 
260,4.050000000000001,hasil pemilu ditentukan oleh suara sah pemilih dalam pemungutan suara yang teratur hak angket meskipun merupakan alat kontrol parlemen jika digunakan dalam konteks ini berpotensi menimbulkan ketidakstabilan politik 
261,11,pemilu adanya hak angket atau interpelasi menjadi langkah yang sangat tepat urgent strategis dan konstitusional sehingga memerlukan dukungan publik yang meluas 
262,-7,pahami peran mahkamah konstitusi dan hak angket dpr dalam sistem demokrasi pemilu 
263,-2,kalian udah memilih nih 
264,8,dukung pemilu tanpa kecurangan kawal suara real count di sirekap untuk demokrasi sehat 
265,-1,jangan biarkan hoax memecah belah bersatu kita teguh menjaga kerukunan dan persatuan sebelum saat dan setelah pemilu 
266,13,pemung tan s ara sudah kita laluidenganlancar dan gembira selanj tnya mari kita kawal penghitungans ara dengan damai dan hormati hasilnya 
267,7,sirekap dan kawalpemilu inovasi dalam pemilu untuk demokrasi yang transparan 
268,-3,tolak segala provokasi dan hoax penghitungan suara untuk menjaga pemilu aman damai dan kondusif 
269,45.9375,semua paslon pasti memiliki rencana kerja yang terbaik bagi bangsa siapapun yang menang juga pasti akan melakukan yang terbaik demi kemajuan bangsa 
270,15,pemilu damai bersatu pasca pemilu dukung dialog antarpasangan calon dan tunggu pengumuman resmi hasil pemilu oleh kpu ri 
271,18,pemilu meski penuh ketegangan dalam kampanye dan pemungutan suara berhasil diadakan dalam suasana damai 
272,12,kita telah berhasil melaksanakan pemungutan suara secara damai sekarang waktunya menjaga perdamaian itu sambil menunggu hasil penghitungan suara oleh kpu 
273,19,dengan menyerukan penerimaan hasil pemilu sebagai refleksi kepercayaan rakyat yang berdampak pada ekonomi mari kawal pemilu damai sampai selesai 
274,5.25,kedua inisiatif teknologi ini beujuan untuk mengurangi manipulasi suara dan menjamin integritas proses demokrasi menandai langkah maju dalam memastikan pemilu yang transparan dan adil 
275,2,perlu meningkatkan kesadaran publik terhadap hoaks dan memperkuat komitmen bersama dalam melawan disinformasi menjadi esensial 
276,14,demokrasi yang stabil dan sehat akan menjadi dasar bagi pemerintahan yang baik good governance pembangunan berkelanjutan dan kemajuan di segala sektor bagi indonesia 
277,7,tenang pak dzikri saya sudah bantu cek yg di input di kpu sudah benar ini ya pak scnya mana tau butuh senang membantu anda 
278,17,upy bersama ini esensial untuk memastikan proses pemilu yang lancar dan transparan mendukung legitimasi hasil dan memperkuat fondasi demokrasi dengan informasi yang akurat 
279,18,pemilu damai bersatu pasca pemilu dukung dialog antarpasangan calon dan tunggu pengumuman resmi hasil pemilu oleh kpu ri demokrasi hanya bisa maju jika kita bersatu 
280,-3,bersama wujudkan pemilu damai tanpa intimidasi 
281,18,pemilu meski penuh ketegangan dalam kampanye dan pemungutan suara berhasil diadakan dalam suasana damai 
282,8,terima kasih atas terwujudnya pemilu yang kondusif karena seluruh rakyat sudah menjaga keamanan dan kedamaian selalu 
283,-3,tolak segala provokasi dan hoax penghitungan suara untuk menjaga pemilu aman damai dan kondusif 
284,19,dengan menyerukan penerimaan hasil pemilu sebagai refleksi kepercayaan rakyat yang berdampak pada ekonomi mari kawal pemilu damai sampai selesai 
285,5.25,kedua inisiatif teknologi ini beujuan untuk mengurangi manipulasi suara dan menjamin integritas proses demokrasi menandai langkah maju dalam memastikan pemilu yang transparan dan adil 
286,2,bismillahirohmanirohim izin yaa bukan apa apa tapi ga sepantas nya juga lo semua doa buruk begini tapi krna doa nya buat diri sendiri gue ga mau ngetik banyak deh istigfar aja kata gue seriuss semoga ga jabah ya sama yg diatas 
287,6,jaga pemilu damai pemilu yang berkualitas dan demokratis menjadi tonggak kemajuan indonesia 
288,9,kpu telah menciptakan aplikasi sirekap inovasi revolusioner untuk penghitungan suara yang cepat dan akurat untuk pemilu 
289,19,apkam organisasi sepei pbnu memainkan peran krusial dalam menjaga stabilitas mengajak semua pihak menghormati hasil pemilu demi pembangunan harmoni sosial 
290,15,persatuan dan kesatuan bangsa adalah kunci untuk mencapai pembangunan yang berkelanjutan 
291,10,hasil patroli pengawasan bawaslu melalui aplikasi siwaslu di provinsi hingga februari mengungkap masalah pada proses pemungutan dan penghitungan suara pemilu 
292,16,aparat keamanan dan organisasi sepei pbnu memainkan peran krusial dlam menjaga stabilitas amp mengajak semua pihak menghormati hasil pemilu demi pembangunan amp harmoni sosial 
293,7,pencoblosan sudah dilaksanakan pilihan boleh beda tetapi kebersamaan persatuan dan kesatuan bangsa haruslah kita jaga 
294,10,pentingnya transparansi sirekap untuk mencegah potensi delegitimasi hasil pemilu 
295,12,menjaga kedamaian pasca pemilu kunci membangun demokrasi yang kuat pentingnya kedamaian pasca pemilu tidak bisa diabaikan sebagai fondasi utama membangun negara yang demokratis 
296,3,stop hoaks 
297,10,waspada hoaks dan provokasi mari jaga kedamaian pasca pemilu 
298,3,stop hoaks 
299,0,hoaks mis informasi dan dis informasi musuh kita bersama 
300,0,segregasi dan konflik horizontal seolah menjadi residu yang tidak dapat langsung dihilangkan pasca pemilu 
301,-4,penggunaan hak angket pasca pemilu oleh kelompok kelompok yang tidak puas dengan hasil perhitungan suara merupakan pendekatan yang keliru 
302,12,efisiensi dan ketetapan waktu adalah kunci pemilu yang damai mari bersama kita jaga kondusitifitas dan ciptakan indonesia yang maju 
303,2,jaga perdamaian dan persaudaraan pasca pelaksanaan pemilu agar terhindar dari perpecahan bangsa 
304,13,keamanan dan kondusifitas pasca pemilu dapat dimaknai sebagai pesta demokrasi indonesia yang berjalan aman dan lancar 
305,15,rapat pleno terbuka ini diharapkan meningkatkan paisipasi publik dalam pengawasan dan validasi hasil pemungutan suara 
306,12,rekonsiliasi dan pembangunan kebangsaan pasca pemilu dianggap langkah esensial untuk memperkuat persatuan dan kesatuan bangsa 
307,8,keberhasilan ini juga menunjukkan profesionalisme kpu daerah memberi publik kepercayaan pada integritas dan keabsahan hasil pemilu 
308,7,perolehan suara dari tingkat tps distrik hingga kabupaten tidak ada perubahan sehingga pelaksanaan rapat lainnya dapat berjalan sesuai regulasi yang ada 
309,10,demokrasi yang sehat memandang pentingnya paisipasi bukan hanya sebagai hak memberi suara namun juga tanggung jawab membangun masyarakat yang adil dan inklusif 
310,0,menciptakan situasi kondusif pasca pemilu memerlukan kerjasama pemerintah aparat keamanan masyarakat dan individu 
311,-5,waspada hoax selalu cek kebenaran dari setiap informasi untuk menjaga pelaksanaan pemilu rip legend dr slump bali 
312,3,bangun ruang digital bersih dan sehat untuk demokrasi indonesia yang kuat 
313,8,indonesia menunjukkan kedewasaan demokrasi dengan persatuan dan keharmonisan 
314,10,dukung sinergitas semua pihak untuk menjaga stabilitas pasca pemilu 
315,5,kinerja kpu di pemilu menunjukkan komitmen kuat pada keadilan dan transparansi melalui regulasi ketat dan adaptasi terhadap tantangan daerah 
316,6.75,rekapitulasi suara di daerah berlangsung lancar dan kondusif kondusivitas rapat pleno tidak hanya meningkatkan nilai demokrasi juga mengurangi potensi konflik kepentingan yang bisa merugikan pemerintah 
317,8,indonesia menunjukkan kedewasaan demokrasi pada pemilu dengan persatuan dan keharmonisan 
318,5,kinerja kpu di pemilu menunjukkan komitmen kuat pada keadilan dan transparansi melalui regulasi ketat dan adaptasi terhadap tantangan daerah 
319,1.75,rapat pleno rekapitulasi suara yang diwajibkan oleh uu pemilu no tahun dan pkpu no tahun berperan vital dalam menjaga integritas pemilu 
320,1,solidaritas nasional dan penolakan terhadap provokasi menegaskan pentingnya kolaborasi antar elemen bangsa untuk stabilitas dan kemajuan indonesia pasca pemilu 
321,18,kpu daerah melaporkan keberhasilan rapat pleno terbuka penghitungan suara yang aman dan lancar menegaskan pentingnya transparansi dan akuntabilitas dalam pemilu 
322,15,indonesia telah menunjukkan kedewasaan dalam proses demokrasi dengan kesadaran tinggi akan nilai kebangsaan dan kemanusiaan sebagai fondasi utama menghadapi masa depan 
323,13,pelaksanaan pemilu serentak dapat terlaksana berkat profesionalisme dan integritas kpu ditunjang sosialisasi dan koordinasi efektif dengan berbagai pihak 
324,2,kpu telah menunjukkan dedikasi luar biasa dalam menggelar pemilu meskipun menghadapi kendala teknis sepei masalah sirekap dan pelaksanaan psu di beberapa tempat 
325,15,indonesia telah menunjukkan kedewasaan dalam proses demokrasi dengan kesadaran tinggi akan nilai kebangsaan dan kemanusiaan sebagai fondasi utama menghadapi masa depan 
326,10,pujian internasional terhadap penyelenggaraan pemilu indonesia yang damai dan demokratis khususnya dari peemuan asean australia menjadi motivasi bagi indonesia 
327,13,dengan keterlibatan langsung saksi paai dan pengawasan publik diharapkan dapat mengeliminasi potensi manipulasi memperkuat kepercayaan publik dan menjamin legitimasi demokrasi 
328,10,kesuksesan pemilu yang berlangsung aman dan kondusif adalah hasil dari koordinasi dan kerjasama antar stakeholder dan masyarakat 
329,19,kpu ri memulai rapat pleno terbuka rekapitulasi suara pemilu menekankan pada transparansi dan integritas hasil masyarakat diminta bersabar dan menjaga kedamaian 
330,-2,kpu telah berdedikasi luar biasa dalam menggelar pemilu meskipun menghadapi kendala teknis sepei masalah aplikasi sirekap dan pelaksanaan psu di beberapa tempat 
331,19,ktt ini menegaskan pentingnya menerima hasil pemilu dan mendukung pemenang mendorong semua pihak untuk bersatu mempercepat pemulihan kondusifitas dan pembangunan indonesia 
332,-1.75,bulan ramadhan harus menjadi momentum untuk meredam konflik dan perpecahan antar kelompok 
333,0,kapolsek habinsaran besea anggota laksanakan giat monitoring dan pengamanan rekap suara tingkat kecamatan di wilkum polsek habinsaran 
334,5.25,kedua inisiatif teknologi ini beujuan untuk mengurangi manipulasi suara dan menjamin integritas proses demokrasi menandai langkah maju dalam memastikan pemilu yang transparan dan adil 
335,-5,kapolrestabes palembang besea wakapolrestabes palembang cek keamanan dan kesiapan ppk dalam melaksanakan rekapitulasi sekaligus memberikan motivasi kepada personel pengamanan dalam rangkaian pemilu tahun 
336,6,jaga pemilu damai pemilu yang berkualitas dan demokratis menjadi tonggak kemajuan indonesia 
337,7,kawal pemilu damai sampai selesai pemilu yang berkualitas dan demokratis menjadi tonggak kemajuan indonesia 
338,19,ayo awasi dan kawal jalanya perhitungan suara pemilu pemilu yang berkualitas dan demokratis menjadi tonggak kemajuan indonesia 
339,9,pengamanan tahap rekapitulasi hitung suara pemilu polresta denpasar dan polsek jajaran memastikan keamanan dalam tahap rekapitulasi hitung suara pemilu yang dilaksanakan di masing masing ppk kecamatan di daerah hukum polresta denpasar 
340,4,pemilu yang berkualitas dan demokratis menjadi tonggak kemajuan indonesia 
341,4,pemilu yang berkualitas dan demokratis menjadi tonggak kemajuan indonesia 
342,15,persatuan dan kesatuan bangsa adalah kunci untuk mencapai pembangunan yang berkelanjutan 
343,0,pemungutan suara yang aman di papua dan daerah konflik lain menjadi simbol kemajuan demokrasi indonesia 
344,0,pemilu damai di daerah konflik simbol kemajuan demokrasi indonesia pemungutan suara yang aman di papua dan daerah konflik lain menjadi simbol kemajuan demokrasi indonesia 
345,15,persatuan dan kesatuan bangsa adalah kunci untuk mencapai pembangunan yang berkelanjutan 
346,15,hak angket bukan untuk mencari kalah dan menang ya tetapi mencari kebenaran soal pelaksanaan uu atau kebijakan pemerintah moeldoko mkmk sirekap 
347,14,ketenangan pemilu di papua dan daerah konflik mencerminkan kemajuan demokrasi indonesia peran penting aparat keamanan dan pbnu dalam menjaga stabilitas dan menghormati hasil pemilu 
348,8,indonesia menunjukkan kedewasaan demokrasi dengan persatuan dan keharmonisan 
349,-13,kpu telah menjalankan tahap kritis pemilu dengan berbagai tantangan sepei pencoblosan ulang di beberapa wilayah karena faktor geografis dan cuaca 
350,11,klarifikasi data dpt dan penanganan honorarium sea kesehatan petugas kpps menjadi prioritas untuk menjaga transparansi dan meningkatkan kepercayaan publik terhadap hasil pemilu 
351,16,mahkamah konstitusi telah menjalankan tugas sengketa pemilu sesuai peraturan perundang undangan membuat keputusannya final dan tak terpengaruh oleh hak angket dpr 
352,-10,kpu telah menjalankan tahap kritis pemilu dengan berbagai tantangan sepei pencoblosan ulang di beberapa wilayah karena faktor geografis dan cuaca sea penghitungan suara ulang 
353,11,klarifikasi data dpt dan penanganan honorarium sea kesehatan petugas kpps menjadi prioritas untuk menjaga transparansi dan meningkatkan kepercayaan publik terhadap hasil pemilu 
354,2,perbedaan pendapat pasca pemilu antara masyarakat pemerintah dan akar rumput membutuhkan penanganan yang bijaksana 
355,16,dengan pemilihan yang berjalan adil dan terbuka diharapkan dapat mendorong situasi damai dan stabilitas mendukung kemajuan dan pembangunan indonesia 
356,5,kinerja kpu di pemilu menunjukkan komitmen kuat pada keadilan dan transparansi melalui regulasi ketat dan adaptasi terhadap tantangan daerah 
357,12,rekonsiliasi dan pembangunan kebangsaan pasca pemilu dianggap langkah esensial untuk memperkuat persatuan dan kesatuan bangsa 
358,15,indonesia telah menunjukkan kedewasaan dalam proses demokrasi dengan kesadaran tinggi akan nilai kebangsaan dan kemanusiaan sebagai fondasi utama menghadapi masa depan 
359,7.5,kondusivitas rapat pleno tidak hanya meningkatkan nilai demokrasi tetapi juga mengurangi potensi konflik kepentingan yang bisa merugikan pemerintah ini merupakan langkah esensial untuk suksesnya pesta demokrasi 
360,-2,bangun ruang digital bersih dam sehat untuk demokrasi indonesia pemilu tanpa hoaks 
361,-1,hoaks misinformasi dan disinformasi musuh kita bersama pemilu sukses damai dan bermaabat 
362,15,indonesia telah menunjukkan kedewasaan dalam proses demokrasi dengan kesadaran tinggi akan nilai kebangsaan dan kemanusiaan sebagai fondasi utama menghadapi masa depan 
363,15,indonesia telah menunjukkan kedewasaan dalam proses demokrasi dengan kesadaran tinggi akan nilai kebangsaan dan kemanusiaan sebagai fondasi utama menghadapi masa depan 
364,15,indonesia telah menunjukkan kedewasaan dalam proses demokrasi dengan kesadaran tinggi akan nilai kebangsaan dan kemanusiaan sebagai fondasi utama menghadapi masa depan 
365,18,kpu daerah melaporkan keberhasilan rapat pleno terbuka penghitungan suara yang aman dan lancar menegaskan pentingnya transparansi dan akuntabilitas dalam pemilu 
366,9,jaga keberagaman dan hindari konflik dengan menyebarkan informasi yang benar b
367,6,pujian internasional terhadap penyelenggaraan pemilu indonesia yang damai dan demokratis khususnya dari peemuan asean australia menjadi motivasi bagi indonesia untuk mengatasi polarisasi dan merajut kembali harmoni nasional 
368,5,apresiasi internasional untuk pemilu damai indonesia dan ajakan untuk rekonsiliasi nasional 
369,-1,motivasi bagi indonesia untuk mengatasi polarisasi dan merajut kembali harmoni nasional 
370,12,kpu ri memulai rapat pleno terbuka rekapitulasi suara pemilu menekankan pada transparansi dan integritas hasil 
371,-3.5,bulan ramadhan harus menjadi momentum untuk meredam konflik dan perpecahan antar kelompok politik setelah pasca masa pemilu 
372,7,pujian internasional terhadap penyelenggaraan pemilu indonesia yang damai dan demokratis khususnya dari peemuan asean australia 
373,19,ktt ini menegaskan pentingnya menerima hasil pemilu dan mendukung pemenang mendorong semua pihak untuk bersatu mempercepat pemulihan kondusifitas dan pembangunan indonesia 
374,18,jangan mudah terprovokasi tunggu hasil resmi kpu mari sukseskan pemilu dengan aman dan damai 
375,0,hak angket dpr tidak mewakili aspirasi rakyat 
376,16,bersabar menunggu hasil pemilu yang akan disampaikan oleh kpu mari sukseskan pemilu dengan aman dan damai 
377,9,pemilu yang berkualitas dan demokratis menjadi tonggak kemajuan indonesia paisipasi masyarakat yang aktif persatuan nasional kondusivitas keamanan 
378,9,demokrasi hanya bisa maju jika kita bersatu ayo wujudkan pemilu damai 
379,9,imbauan sejumlah tokoh untuk menjaga persatuan dan suasana damai pasca pemungutan suara pemilu 
380,17,upy bersama ini esensial untuk memastikan proses pemilu yang lancar dan transparan mendukung legitimasi hasil dan memperkuat fondasi demokrasi dengan informasi yang akurat 
381,5,penghargaan diberikan kepada bangsa indonesia yang di tahun politik ini berhasil menjaga persatuan meskipun terdapat perbedaan pilihan politik 
382,4,pemilu yang berkualitas dan demokratis menjadi tonggak kemajuan indonesia 
383,9,kpu telah menciptakan aplikasi sirekap inovasi revolusioner untuk penghitungan suara yang cepat dan akurat untuk pemilu 
384,14.850000000000001,menurut undang undang hasil pemilu ditentukan oleh suara sah pemilih dalam pemungutan suara yang teratur 
385,-4,penggunaan hak angket pasca pemilu oleh kelompok kelompok yang tidak puas dengan hasil perhitungan suara merupakan pendekatan yang keliru 
386,-13,kpu telah menjalankan tahap kritis pemilu dengan berbagai tantangan sepei pencoblosan ulang di beberapa wilayah karena faktor geografis dan cuaca 
387,0,pemungutan suara yang aman di papua dan daerah konflik lain menjadi simbol kemajuan demokrasi indonesia 
388,-10,kpu telah menjalankan tahap kritis pemilu dengan berbagai tantangan sepei pencoblosan ulang di beberapa wilayah karena faktor geografis dan cuaca sea penghitungan suara ulang 
389,5,demi mewujudkan pemilu yang damai dan bermaabat pentingnya kesadaran kolektif dalam melawan penyebaran hoaks 
390,6,membangun kedamaian pasca pemilu mewujudkan keadilan toleransi dan inklusivitas 
391,12,kpu ri memulai rapat pleno terbuka rekapitulasi suara pemilu menekankan pada transparansi dan integritas hasil 
392,8,indonesia menunjukkan kedewasaan demokrasi dengan persatuan dan keharmonisan 
393,6,pujian internasional terhadap penyelenggaraan pemilu indonesia yang damai dan demokratis khususnya dari peemuan asean australia menjadi motivasi bagi indonesia untuk mengatasi polarisasi dan merajut kembali harmoni nasional 
394,7,pujian internasional terhadap penyelenggaraan pemilu indonesia yang damai dan demokratis 
395,6,pujian internasional terhadap penyelenggaraan pemilu indonesia yang damai dan demokratis khususnya dari peemuan asean australia menjadi motivasi bagi indonesia untuk mengatasi polarisasi dan merajut kembali harmoni nasional 
396,-3,sinergitas semua pihak penting untuk mengatasi isu dan menjaga kondusivitas pasca pemilu 
397,12,kpu ri memulai rapat pleno terbuka rekapitulasi suara pemilu menekankan pada transparansi dan integritas hasil 
398,0,hak angket dpr tidak mewakili aspirasi rakyat 
399,-2,kpu telah menunjukkan dedikasi luar biasa dalam menggelar pemilu meskipun menghadapi kendala teknis sepei masalah aplikasi sirekap dan pelaksanaan psu di beberapa tempat 
400,12,kpu ri memulai rapat pleno terbuka rekapitulasi suara pemilu menekankan pada transparansi dan integritas hasil 
401,19,ktt ini menegaskan pentingnya menerima hasil pemilu dan mendukung pemenang mendorong semua pihak untuk bersatu mempercepat pemulihan kondusifitas dan pembangunan indonesia 
402,6,pujian internasional terhadap penyelenggaraan pemilu indonesia yang damai dan demokratis menjadi motivasi bagi indonesia untuk mengatasi polarisasi dan merajut kembali harmoni nasional 
