username,full_text,sentiment
shanks_yonko21,Pemilu 2024 yang berkualitas dan demokratis menjadi tonggak kemajuan Indonesia. #Pemilu2024BebasHoaks #Pemilu2024 #PemiluDamai2024 #Pemilu2024MenujuIndonesiaMaju #PemiluDamaiNegeriMaju https://t.co/oveeTf7qpi,positif
Seorangpejuang5,Pemilu Damai di Daerah Konflik: Simbol Kemajuan Demokrasi Indonesia Pemungutan suara yang aman di Papua dan daerah konflik lain menjadi simbol kemajuan demokrasi Indonesia. #Pemilu2024BebasHoaks #Pemilu2024 #PemiluDamai2024 #Pemilu2024MenujuIndonesiaMaju #PemiluDamaiNegeriMaju https://t.co/FKF4VO5zMG,positif
gwynethiraadong,Pemilu Damai di Daerah Konflik: Simbol Kemajuan Demokrasi Indonesia Pemungutan suara yang aman di Papua dan daerah konflik lain menjadi simbol kemajuan demokrasi Indonesia. #Pemilu2024BebasHoaks #Pemilu2024 #PemiluDamai2024 #Pemilu2024MenujuIndonesiaMaju #PemiluDamaiNegeriMaju https://t.co/CKRwkXU9oa,positif
ninie_mis,Menurut UU hasil Pemilu ditentukan oleh suara sah pemilih dalam pemungutan suara yang teratur. #Pemilu2024BebasHoaks #Pemilu2024 #PemiluDamai2024 #Pemilu2024MenujuIndonesiaMaju #PemiluDamaiNegeriMaju https://t.co/3BUKPz7bHj,netral
JonesArdiansya,Ingat ! Bangsa Indonesia cinta kedamaian #Pemilu2024BebasHoaks #Pemilu2024 #PemiluDamai2024 #Pemilu2024MenujuIndonesiaMaju #PemiluDamaiNegeriMaju https://t.co/uZa1t2kCPR,positif
JonesArdiansya,Hidup Aman dan Damai adalah impian Masyarakat Indonesia #Pemilu2024BebasHoaks #Pemilu2024 #PemiluDamai2024 #Pemilu2024MenujuIndonesiaMaju #PemiluDamaiNegeriMaju https://t.co/6JCh2xsJ8d,positif
littlemanjamin,Pemungutan suara yang aman di Papua dan daerah konflik lain menjadi simbol kemajuan demokrasi Indonesia. #Pemilu2024BebasHoaks #Pemilu2024 #PemiluDamai2024 #Pemilu2024MenujuIndonesiaMaju #PemiluDamaiNegeriMaju https://t.co/VXJbl5sJIQ,negatif
JonesArdiansya,Stabilitas nasional pasca pemilu 2024 #Pemilu2024BebasHoaks #Pemilu2024 #PemiluDamai2024 #Pemilu2024MenujuIndonesiaMaju #PemiluDamaiNegeriMaju https://t.co/GyGEhqsSmO,negatif
JonesArdiansya,Pemilu 2024 dinilai sebagai representatif musyawarah dalam menentukan pemimpin #Pemilu2024BebasHoaks #Pemilu2024 #PemiluDamai2024 #Pemilu2024MenujuIndonesiaMaju #PemiluDamaiNegeriMaju https://t.co/zCtid6uEX1,negatif
Seorangpejuang5,Pujian internasional terhadap penyelenggaraan Pemilu 2024 Indonesia yang damai dan demokratis khususnya dari pertemuan ASEAN-Australia #Pemilu2024 #PemiluDamai2024 #PemiluDamaiNegeriMaju #Pemilu2024BebasHoaks #Pemilu2024MenujuIndonesiaMaju https://t.co/LRkLh0CBa0,positif
refaabdi,Tunggu hasil Pemilu dengan damai mari kita hargai pilihan orang lain dan hasil pemilu #Pemilu2024BebasHoaks #Pemilu2024 #PemiluDamai2024 #Pemilu2024MenujuIndonesiaMaju #PemiluDamaiNegeriMaju https://t.co/oMo0H5EbDI,positif
JonesArdiansya,Ciptakan Perdamaian untuk menjadikan Bangsa Indonesia yang lebih maju dalam berdemokrasi #Pemilu2024BebasHoaks #Pemilu2024 #PemiluDamai2024 #Pemilu2024MenujuIndonesiaMaju #PemiluDamaiNegeriMaju https://t.co/AQDF34Agys,positif
JonesArdiansya,Indonesia Merupakan bangsa yang besar untuk itulah kita harus dewasa dalam menyikapi pasca pemilu #Pemilu2024BebasHoaks #Pemilu2024 #PemiluDamai2024 #Pemilu2024MenujuIndonesiaMaju #PemiluDamaiNegeriMaju https://t.co/5LFepLbftB,netral
JonesArdiansya,Pemilu telah usai mari kita saling merangkul lagi #Pemilu2024BebasHoaks #Pemilu2024 #PemiluDamai2024 #Pemilu2024MenujuIndonesiaMaju #PemiluDamaiNegeriMaju https://t.co/dVyD0ZrXSz,netral
BatiniBea,"Pujian internasional terhadap penyelenggaraan Pemilu 2024 Indonesia yang damai dan demokratis, khususnya dari pertemuan ASEAN-Australia #Pemilu2024 #PemiluDamai2024 #PemiluDamaiNegeriMaju #Pemilu2024BebasHoaks #Pemilu2024MenujuIndonesiaMaju https://t.co/gnrS1c8A6d",positif
qoryamalia998,Yuk Tetap Ciptakan Suasana Damai Pasca Pemilu #Pemilu2024 #PemiluDamai2024 #PemiluDamaiNegeriMaju #Pemilu2024BebasHoaks #Pemilu2024MenujuIndonesiaMaju https://t.co/vb0jPxK432,netral
ChauzaZ,"KTT ini menegaskan pentingnya menerima hasil Pemilu dan mendukung pemenang, mendorong semua pihak untuk bersatu mempercepat pemulihan kondusifitas dan pembangunan Indonesia. #Pemilu2024 #PemiluDamai2024 #PemiluDamaiNegeriMaju #Pemilu2024BebasHoaks #Pemilu2024MenujuIndonesiaMaju https://t.co/V4XqJWSt3s",negatif
mohdazrin729,"Pujian internasional terhadap penyelenggaraan Pemilu 2024 Indonesia yang damai dan demokratis, khususnya dari pertemuan ASEAN-Australia. #Pemilu2024 #PemiluDamai2024 #PemiluDamaiNegeriMaju #Pemilu2024BebasHoaks #Pemilu2024MenujuIndonesiaMaju https://t.co/f4DiAyIDGK",positif
PutriSepala,Mari kita jaga kondusifitas pasca Pemilu 2024 #Pemilu2024 #PemiluDamai2024 #PemiluDamaiNegeriMaju #Pemilu2024BebasHoaks #Pemilu2024MenujuIndonesiaMaju https://t.co/JMuw71aPNu,negatif
lagiantre,Pujian internasional terhadap penyelenggaraan Pemilu 2024 Indonesia yang damai dan demokratis. #Pemilu2024 #PemiluDamai2024 #PemiluDamaiNegeriMaju #Pemilu2024BebasHoaks #Pemilu2024MenujuIndonesiaMaju https://t.co/gNpvfpTK1G,positif
oddositepro,Banyak pihak mengapresiasi Pemilu Damai Indonesia 2024 #Pemilu2024 #PemiluDamai2024 #PemiluDamaiNegeriMaju #Pemilu2024BebasHoaks #Pemilu2024MenujuIndonesiaMaju https://t.co/BgkGvKjgqA,netral
AngsaPuty,Pemilu Damai Indonesia 2024 dan Ajakan untuk Rekonsiliasi Nasional #Pemilu2024 #PemiluDamai2024 #PemiluDamaiNegeriMaju #Pemilu2024BebasHoaks #Pemilu2024MenujuIndonesiaMaju https://t.co/iSKyTyHccm,positif
AngsaPuty,Apresiasi Internasional untuk Pemilu Damai Indonesia 2024 dan Ajakan untuk Rekonsiliasi Nasional #Pemilu2024 #PemiluDamai2024 #PemiluDamaiNegeriMaju #Pemilu2024BebasHoaks #Pemilu2024MenujuIndonesiaMaju https://t.co/5wh9O8N7SI,positif
cubadakk17,"Pujian internasional terhadap penyelenggaraan Pemilu 2024 Indonesia yang damai dan demokratis, khususnya dari pertemuan ASEAN-Australia #Pemilu2024 #PemiluDamai2024 #PemiluDamaiNegeriMaju #Pemilu2024BebasHoaks #Pemilu2024MenujuIndonesiaMaju https://t.co/yhsKy3gD48",positif
refaabdi,"KTT ini menegaskan pentingnya menerima hasil Pemilu dan mendukung pemenang, mendorong semua pihak untuk bersatu mempercepat pemulihan kondusifitas dan pembangunan Indonesia #Pemilu2024 #PemiluDamai2024 #PemiluDamaiNegeriMaju #Pemilu2024BebasHoaks #Pemilu2024MenujuIndonesiaMaju https://t.co/WeOga0ADEN",negatif
AtayaPranaya2,Banyak pihak mengapresiasi Pemilu Damai Indonesia 2024 #Pemilu2024 #PemiluDamai2024 #PemiluDamaiNegeriMaju #Pemilu2024BebasHoaks #Pemilu2024MenujuIndonesiaMaju https://t.co/dxWkWh0lNj,netral
pegiat_sosmed,Indonesia damai #Pemilu2024 #PemiluDamai2024 #PemiluDamaiNegeriMaju #Pemilu2024BebasHoaks #Pemilu2024MenujuIndonesiaMaju https://t.co/x2kddl2QNQ,netral
pegiat_sosmed,Cegah perpecahan antar kelompok politik pasca Pemilu 2024 #Pemilu2024 #PemiluDamai2024 #PemiluDamaiNegeriMaju #Pemilu2024BebasHoaks #Pemilu2024MenujuIndonesiaMaju https://t.co/9TZXyNN3Cm,positif
pegiat_sosmed,Bulan Ramadan harus menjadi momentum untuk meredam konflik pasca Pemilu 2024 #Pemilu2024 #PemiluDamai2024 #PemiluDamaiNegeriMaju #Pemilu2024BebasHoaks #Pemilu2024MenujuIndonesiaMaju https://t.co/4H7CFNAVUf,netral
DavinaDeema,Pemilu Damai #Pemilu2024 #PemiluDamai2024 #PemiluDamaiNegeriMaju #Pemilu2024BebasHoaks #Pemilu2024MenujuIndonesiaMaju https://t.co/OlcSUYakiW,negatif
nkriberpolitik,"Dari pertemuan ASEAN-Australia, menjadi motivasi bagi Indonesia untuk mengatasi polarisasi dan merajut kembali harmoni nasional.#Pemilu2024 #PemiluDamai2024 #PemiluDamaiNegeriMaju #Pemilu2024BebasHoaks #Pemilu2024MenujuIndonesiaMaju https://t.co/TZCULmSFfa",negatif
FloraGalak66,Mari kita bersatu untuk meredam konflik dan perpecahan #Pemilu2024 #PemiluDamai2024 #PemiluDamaiNegeriMaju #Pemilu2024BebasHoaks #Pemilu2024MenujuIndonesiaMaju https://t.co/ttwQ8e1tht,netral
BertaniKodok,Mewujudkan kondusifitas pasca Pemilu 2024 demi terciptanya kerukunan bangsa #Pemilu2024 #PemiluDamai2024 #PemiluDamaiNegeriMaju #Pemilu2024BebasHoaks #Pemilu2024MenujuIndonesiaMaju https://t.co/v0K8dhBOXE,positif
MataRoda2024,KPU RI memulai rapat pleno terbuka rekapitulasi suara Pemilu 2024 menekankan pada transparansi dan integritas hasil. #Pemilu2024 #PemiluDamai2024 #PemiluDamaiNegeriMaju #Pemilu2024BebasHoaks #Pemilu2024MenujuIndonesiaMaju https://t.co/86wkoi8eiX,positif
annhaineharid,KPU daerah melaporkan keberhasilan rapat pleno terbuka penghitungan suara yang aman dan lancar menegaskan pentingnya transparansi dan akuntabilitas dalam Pemilu 2024. Rapat pleno #Pemilu2024 #PemiluDamai2024 #PemiluDamaiNegeriMaju #Pemilu2024BebasHoaks #Pemilu2024 https://t.co/tRXRe6xxoY,positif
Inggridv112,KPU RI memulai rapat pleno terbuka rekapitulasi suara Pemilu 2024 menekankan pada transparansi dan integritas hasil. #Pemilu2024 #PemiluDamai2024 #PemiluDamaiNegeriMaju #Pemilu2024BebasHoaks #Pemilu2024MenujuIndonesiaMaju https://t.co/9uLnUq6e2E,positif
pasaribunoah,Pujian internasional terhadap penyelenggaraan Pemilu 2024 Indonesia yang damai dan demokratis khususnya dari pertemuan ASEAN-Australia menjadi motivasi bagi Indonesia untuk mengatasi polarisasi dan merajut kembali harmoni nasional. #PemiluDamaiNegeriMaju #Pemilu2024BebasHoaks https://t.co/pcIihJ9Xvn,positif
claudia_resty,KPU daerah melaporkan keberhasilan rapat pleno terbuka penghitungan suara yang aman dan lancar menegaskan pentingnya transparansi dan akuntabilitas dalam Pemilu 2024. #PemiluDamai2024 #PemiluDamaiNegeriMaju #Pemilu2024BebasHoaks #Pemilu2024MenujuIndonesiaMaju https://t.co/Osl15CQ5uL,positif
claudia_resty,Indonesia telah menunjukkan kedewasaan dalam proses demokrasi dengan kesadaran tinggi akan nilai kebangsaan dan kemanusiaan sebagai fondasi utama menghadapi masa depan. #Pemilu2024BebasHoaks #Pemilu2024 #PemiluDamai2024 #Pemilu2024MenujuIndonesiaMaju #PemiluDamaiNegeriMaju https://t.co/kVDj0JLnrr,positif
BarronIndra,KPU Bali berkomitmen untuk menjadi provinsi pertama yang menyelesaikan rekapitulasi suara nasional dengan cepat dan akurat. #Pemilu2024 #PemiluDamai2024 #PemiluDamaiNegeriMaju #Pemilu2024BebasHoaks #Pemilu2024MenujuIndonesiaMaju https://t.co/m5Xd02OeKn,positif
jennyferching,KPU telah menunjukkan dedikasi luar biasa dalam menggelar Pemilu 2024 meskipun menghadapi kendala teknis seperti masalah aplikasi Sirekap dan pelaksanaan PSU di beberapa tempat. #Pemilu2024 #PemiluDamai2024 #PemiluDamaiNegeriMaju #Pemilu2024BebasHoaks https://t.co/IIyD8Vs9vO,positif
ichaswe,Hormati Proses Rekapitulasi Suara Nasional Pemilu 2024 di KPU RI #Pemilu2024 #PemiluDamai2024 #PemiluDamaiNegeriMaju #Pemilu2024BebasHoaks #Pemilu2024MenujuIndonesiaMaju https://t.co/6exy0L142N,negatif
DedeKiven,Bulan Ramadhan jadi momentum untuk persatuan dan kesatuan pasca Pemilu🇮🇩 #Pemilu2024 #PemiluDamai2024 #PemiluDamaiNegeriMaju #Pemilu2024BebasHoaks #Pemilu2024MenujuIndonesiaMaju https://t.co/x69iGsZU0Q,netral
ichaswe,Pentingnya Mempertahankan Stabilitas Keamanan Pasca-Pemilu 2024 #Pemilu2024BebasHoaks #Pemilu2024 #PemiluDamai2024 #Pemilu2024MenujuIndonesiaMaju #PemiluDamaiNegeriMaju https://t.co/mWnnMTCRYr,negatif
bluepoison18J,Bangun ruang digital bersih dan sehat untuk demokrasi Indonesia yg kuat 2024 Pemilu tanpa hoax. #Pemilu2024 #PemiluDamai2024 #PemiluDamaiNegeriMaju #Pemilu2024BebasHoaks #Pemilu2024MenujuIndonesiaMaju https://t.co/70UfFNN2mM,netral
RahmaNurlela,Imbauan Menghormati Proses Rekapitulasi Suara Nasional Pemilu 2024 di KPU RI #Pemilu2024 #PemiluDamai2024 #PemiluDamaiNegeriMaju #Pemilu2024BebasHoaks #Pemilu2024MenujuIndonesiaMaju https://t.co/9QECTaYRoh,netral
Seorangpejuang5,Klarifikasi data DPT dan penanganan honorarium serta kesehatan petugas KPPS menjadi prioritas untuk menjaga transparansi dan meningkatkan kepercayaan publik terhadap hasil Pemilu 2024. #Pemilu2024BebasHoaks #Pemilu2024 #PemiluDamai2024 #Pemilu2024MenujuIndonesiaMaju #PemiluDamai https://t.co/jv7Ke8Q8VX,positif
refaabdi,Hak Angket di DPR RI tidak akan mengubah hasil Pemilu 2024 #Pemilu2024BebasHoaks #Pemilu2024 #PemiluDamai2024 #Pemilu2024MenujuIndonesiaMaju #PemiluDamaiNegeriMaju https://t.co/nVJIC6Uazt,negatif
shanks_yonko21,Penyelenggara Pemilu mengimbau pelaporan kecurangan secara resmi sementara tokoh masyarakat mengajak untuk menjaga ketenangan dan tidak terprovokasi oleh informasi palsu. #Pemilu2024 #PemiluDamai2024 #PemiluDamaiNegeriMaju #Pemilu2024BebasHoaks #Pemilu2024MenujuIndonesiaMaju https://t.co/hJ1k17fNEN,negatif
subang_damai,Adanya hak angket atau interpelasi menjadi langkah yang sangat tepat urgent strategis dan konstitusional sehingga memerlukan dukungan publik yang meluas #Pemilu2024 #PemiluDamai2024 #PemiluDamaiNegeriMaju #Pemilu2024BebasHoaks #Pemilu2024MenujuIndonesiaMaju https://t.co/jBXw01fWOq,positif
Dapurngebul00,Upaya KPU Hadapi Tantangan Pemilu 2024 demi Wujudkan Prinsip Luberjurdil. Klarifikasi data DPT dan penanganan honorarium serta kesehatan petugas KPPS menjadi prioritas untuk menjaga transparansi #Pemilu2024BebasHoaks #Pemilu2024 #PemiluDamai2024 #Pemilu2024MenujuIndonesiaMaju https://t.co/HrmW6gQcDq,netral
Dapurngebul00,Klarifikasi data DPT dan penanganan honorarium serta kesehatan petugas KPPS menjadi prioritas untuk menjaga transparansi dan meningkatkan kepercayaan publik terhadap hasil Pemilu 2024. #Pemilu2024BebasHoaks #Pemilu2024 #PemiluDamai2024 #Pemilu2024MenujuIndonesiaMaju https://t.co/BWBFAr2BDD,positif
AAntakawulan,KPU telah menjalankan tahap kritis Pemilu 2024 dengan berbagai tantangan seperti pencoblosan ulang di beberapa wilayah karena faktor geografis dan cuaca serta penghitungan suara ulang. #Pemilu2024BebasHoaks #Pemilu2024 #PemiluDamai2024 #Pemilu2024MenujuIndonesiaMaju https://t.co/lXJVRmiZ4L,positif
Lestariad20,MK telah menjalankan tugas menyelesaikan sengketa Pemilu sesuai peraturan perundang-undangan membuat keputusannya final dan tak terpengaruh oleh Hak Angket DPR. #PemiluDamaiNegeriMaju #Pemilu2024BebasHoaks #Pemilu2024MenujuIndonesiaMaju https://t.co/ORJCuP7vzS,positif
DANAUBERITA,Mahkamah Konstitusi (MK) telah menjalankan tugas menyelesaikan sengketa Pemilu sesuai peraturan perundang-undangan membuat keputusannya final dan tak final #Pemilu2024 #PemiluDamai2024 #PemiluDamaiNegeriMaju #Pemilu2024BebasHoaks #Pemilu2024MenujuIndonesiaMaju https://t.co/rDXzAt4MPl,positif
qoryamalia998,Hak angket meskipun merupakan alat kontrol parlemen jika digunakan dalam konteks ini berpotensi menimbulkan ketidakstabilan politik. #Pemilu2024BebasHoaks #Pemilu2024 #PemiluDamai2024 #Pemilu2024MenujuIndonesiaMaju #PemiluDamaiNegeriMaju https://t.co/FbuY9MxXnV,netral
khorimkarim,Hasil Pemilu ditentukan oleh suara sah pemilih dalam pemungutan suara yang teratur. Hak angket meskipun merupakan alat kontrol parlemen jika digunakan dalam konteks ini berpotensi menimbulkan ketidakstabilan politik. #Pemilu2024BebasHoaks #Pemilu2024 #PemiluDamai2024 https://t.co/zQnVNdt0em,negatif
makmur_o,PEMILU 2024 Adanya hak angket atau interpelasi menjadi langkah yang sangat tepat urgent strategis dan konstitusional sehingga memerlukan dukungan publik yang meluas #Pemilu2024 #PemiluDamai2024 #PemiluDamaiNegeriMaju #Pemilu2024BebasHoaks #Pemilu2024MenujuIndonesiaMaju https://t.co/DelSCv85hz,netral
ichaswe,Pahami Peran Mahkamah Konstitusi dan Hak Angket DPR dalam Sistem Demokrasi Pemilu. #Pemilu2024 #PemiluDamai2024 #PemiluDamaiNegeriMaju #Pemilu2024BebasHoaks #Pemilu2024MenujuIndonesiaMaju https://t.co/VwzBeL4KmL,positif
astahereeebitjh,Kalian Udah memilih nih ? #Pemilu2024BebasHoaks #PemiluAmanDamai #PemiluDamai https://t.co/TJ3It8jSZb,negatif
anselarsenio_,Dukung Pemilu 2024 tanpa kecurangan! Kawal suara real count di Sirekap untuk demokrasi sehat #Pemilu2024BebasHoaks #Pemilu2024 #PemiluDamai2024 #Pemilu2024MenujuIndonesiaMaju #PemiluDamaiNegeriMaju https://t.co/9F7xsX2oWU,netral
TabuniDerlin78,JANGAN BIARKAN HOAX MEMECAH BELAH ΚΙΤΑ. BERSATU KITA TEGUH MENJAGA KERUKUNAN DAN PERSATUAN SEBELUM SAAT DAN SETELAH PEMILU #pilpres2024 #kpuRI #SukseskanPemilu2024 #Pemilu2024MenujuIndonesiaMaju #Pemilu2024BebasHoaks https://t.co/IDKANxFHS7,positif
TabuniDerlin78,PEMUNGƯTAN SƯARA SUDAH KITA LALUIDENGANLANCAR DAN GEMBIRA SELANJƯTNYA MARI KITA KAWAL PENGHITUNGANSƯARA DENGAN DAMAI DAN HORMATI HASILNYA... #pilpres2024 #kpuRI #SukseskanPemilu2024 #Pemilu2024MenujuIndonesiaMaju #Pemilu2024BebasHoaks https://t.co/ebsl7R5T8y,positif
CiciAngsa2,Sirekap dan KawalPemilu Inovasi dalam Pemilu 2024 untuk Demokrasi yang Transparan #Pemilu2024BebasHoaks #Pemilu2024 #PemiluDamai2024 #Pemilu2024MenujuIndonesiaMaju #PemiluDamaiNegeriMaju https://t.co/FJWziQswwS,positif
PKoamalu,Tolak Segala Provokasi Dan Hoax Penghitungan Suara Untuk Menjaga Pemilu 2024 Aman Damai Dan Kondusif #pilpres2024 #kpuRI #SukseskanPemilu2024 #Pemilu2024MenujuIndonesiaMaju #Pemilu2024BebasHoaks https://t.co/AkKUXYOLaL,negatif
MaramaAbid,SEMUA PASLON PASTI MEMILIKI RENCANA KERJA YANG TERBAIK BAGI BANGSA. SIAPAPUN YANG MENANG JUGA PASTI AKAN MELAKUKAN YANG TERBAIK DEMI KEMAJUAN BANGSA #pilpres2024 #kpuRI #SukseskanPemilu2024 #Pemilu2024MenujuIndonesiaMaju #Pemilu2024BebasHoaks https://t.co/9JDCPyFNd4,positif
Gameru33,Pemilu Damai. Bersatu Pasca-Pemilu 2024! Dukung dialog antarpasangan calon dan tunggu pengumuman resmi hasil Pemilu oleh KPU RI #Pemilu2024BebasHoaks #Pemilu2024 #PemiluDamai2024 #Pemilu2024MenujuIndonesiaMaju #PemiluDamaiNegeriMaju https://t.co/wHTMRxeHsp,positif
dweecandraa,Pemilu 2024 meski penuh ketegangan dalam kampanye dan pemungutan suara berhasil diadakan dalam suasana damai. #Pemilu2024 #PemiluDamai2024 #PemiluDamaiNegeriMaju #Pemilu2024BebasHoaks #Pemilu2024MenujuIndonesiaMaju https://t.co/2J2SorcjKQ,positif
DWandik78,KITA TELAH BERHASIL MELAKSANAKAN PEMUNGUTAN SUARA SECARA DAMAI. SEKARANG WAKTUNYA MENJAGA PERDAMAIAN ITU SAMBIL MENUNGGU HASIL PENGHITUNGAN SUARA OLEH KPU #pilpres2024 #kpuRI #SukseskanPemilu2024 #Pemilu2024MenujuIndonesiaMaju #Pemilu2024BebasHoaks https://t.co/Qz1nMPWCAh,netral
Gameru33,Dengan menyerukan penerimaan hasil Pemilu sebagai refleksi kepercayaan rakyat yang berdampak pada Ekonomi. Mari Kawal Pemilu Damai Sampai Selesai!!! #Pemilu2024BebasHoaks #Pemilu2024 #PemiluDamai2024 #Pemilu2024MenujuIndonesiaMaju #PemiluDamaiNegeriMaju https://t.co/yBLntZv4lP,netral
DaisyNg_1,Kedua inisiatif teknologi ini bertujuan untuk mengurangi manipulasi suara dan menjamin integritas proses demokrasi menandai langkah maju dalam memastikan pemilu yang transparan dan adil. #Pemilu2024BebasHoaks #Pemilu2024 #PemiluDamai2024 #Pemilu2024MenujuIndonesiaMaju https://t.co/57Rhi1sOMY,positif
will_william02,Perlu meningkatkan kesadaran publik terhadap hoaks dan memperkuat komitmen bersama dalam melawan disinformasi menjadi esensial. #Pemilu2024BebasHoaks #Pemilu2024 #PemiluDamai2024 #Pemilu2024MenujuIndonesiaMaju #PemiluDamaiNegeriMaju https://t.co/v8YyhoZpV9,negatif
Inggridv112,Demokrasi yang stabil dan sehat akan menjadi dasar bagi pemerintahan yang baik (good governance) pembangunan berkelanjutan dan kemajuan di segala sektor bagi Indonesia. #Pemilu2024BebasHoaks #Pemilu2024 #PemiluDamai2024 #Pemilu2024MenujuIndonesiaMaju #PemiluDamaiNegeriMaju https://t.co/DNvlkl4JO3,positif
arins_sib,Tenang pak Dzikri saya sudah bantu cek. Yg di input di KPU sudah benar. Ini ya pak SCnya mana tau butuh Senang membantu anda! #PemiluDamai2024 #Pemilu2024BebasHoaks https://t.co/mo8vUD1nAv,positif
AnzaliaTihani01,Upy bersama ini esensial untuk memastikan proses Pemilu yang lancar dan transparan mendukung legitimasi hasil dan memperkuat fondasi demokrasi dengan informasi yang akurat #Pemilu2024 #PemiluDamai2024 #PemiluDamaiNegeriMaju #Pemilu2024BebasHoaks #Pemilu2024MenujuIndonesiaMaju https://t.co/tSdpXCkOQE,netral
"makmur_o""",Pemilu Damai Bersatu pasca-Pemilu 2024! Dukung dialog antarpasangan calon dan tunggu pengumuman resmi hasil Pemilu oleh KPU RI. Demokrasi hanya bisa maju jika kita bersatu #Pemilu2024BebasHoaks #Pemilu2024 #PemiluDamai2024 #Pemilu2024MenujuIndonesiaMaju #PemiluDamaiNegeriMaju https://t.co/YtZH8PUzzB,positif
oddositepro,Bersama Wujudkan Pemilu Damai 2024 Tanpa Intimidasi! #Pemilu2024BebasHoaks #Pemilu2024 #PemiluDamai2024 #Pemilu2024MenujuIndonesiaMaju #PemiluDamaiNegeriMaju https://t.co/5EwI5vRXqR,positif
Fajarputraa2,Pemilu 2024 meski penuh ketegangan dalam kampanye dan pemungutan suara berhasil diadakan dalam suasana damai. #Pemilu2024 #PemiluDamai2024 #PemiluDamaiNegeriMaju #Pemilu2024BebasHoaks #Pemilu2024MenujuIndonesiaMaju https://t.co/1Whcmyj3Ka,netral
Sam_Jolland,Terima kasih atas terwujudnya pemilu yang kondusif karena seluruh rakyat sudah menjaga keamanan dan kedamaian selalu #Pemilu2024kondusif #Pemilu2024 #PemiluDamai2024 #Pemilu2024MenujuIndonesiaMaju https://t.co/TaeFl7fzyo,netral
PKoamalu,Tolak Segala Provokasi Dan Hoax Penghitungan Suara Untuk Menjaga Pemilu 2024 Aman Damai Dan Kondusif #pilpres2024 #kpuRI #SukseskanPemilu2024 #Pemilu2024MenujuIndonesiaMaju #Pemilu2024BebasHoaks https://t.co/AkKUXYOLaL,negatif
Gameru33,Dengan menyerukan penerimaan hasil Pemilu sebagai refleksi kepercayaan rakyat yang berdampak pada Ekonomi. Mari Kawal Pemilu Damai Sampai Selesai!!! #Pemilu2024BebasHoaks #Pemilu2024 #PemiluDamai2024 #Pemilu2024MenujuIndonesiaMaju #PemiluDamaiNegeriMaju https://t.co/yBLntZv4lP,positif
DaisyNg_1,Kedua inisiatif teknologi ini bertujuan untuk mengurangi manipulasi suara dan menjamin integritas proses demokrasi menandai langkah maju dalam memastikan pemilu yang transparan dan adil. #Pemilu2024BebasHoaks #Pemilu2024 #PemiluDamai2024 #Pemilu2024MenujuIndonesiaMaju https://t.co/57Rhi1sOMY,netral
xoxopxzz,bismillahirohmanirohim izin yaa bukan apa apa tapi ga sepantas nya juga lo semua doa buruk begini tapi krna doa nya buat diri sendiri gue ga mau ngetik banyak deh istigfar aja kata gue seriuss semoga ga jabah ya sama yg diatas #salamdamai #Pemilu2024MenujuIndonesiaMaju https://t.co/4hJG8bVC4e,negatif
Wulanda94104964,Jaga pemilu Damai Pemilu 2024 yang berkualitas dan demokratis menjadi tonggak kemajuan Indonesia. #Pemilu2024BebasHoaks #Pemilu2024 #PemiluDamai2024 #Pemilu2024MenujuIndonesiaMaju #PemiluDamaiNegeriMaju https://t.co/TJgDxmR3hL,netral
Fresh_Graduate1,KPU telah menciptakan aplikasi Sirekap inovasi revolusioner untuk penghitungan suara yang cepat dan akurat untuk Pemilu 2024 #Pemilu2024BebasHoaks #Pemilu2024 #PemiluDamai2024 #Pemilu2024MenujuIndonesiaMaju #PemiluDamaiNegeriMaju https://t.co/pIdAGFW9nq,positif
DaisyNg_1,Apkam organisasi seperti PBNU memainkan peran krusial dalam menjaga stabilitas & mengajak semua pihak menghormati hasil Pemilu demi pembangunan & harmoni sosial. #Pemilu2024BebasHoaks #Pemilu2024 #PemiluDamai2024 #Pemilu2024MenujuIndonesiaMaju #PemiluDamaiNegeriMaju https://t.co/G7uwUGBUez,positif
makmur_o,Persatuan dan kesatuan bangsa adalah kunci untuk mencapai pembangunan yang berkelanjutan. #Pemilu2024BebasHoaks #Pemilu2024 #PemiluDamai2024 #Pemilu2024MenujuIndonesiaMaju #PemiluDamaiNegeriMaju https://t.co/59HkScpHYc,positif
lagiantre,Hasil patroli pengawasan Bawaslu melalui aplikasi Siwaslu di 38 provinsi hingga 15 Februari 2024 mengungkap 19 masalah pada proses pemungutan dan penghitungan suara Pemilu. #Pemilu2024 #PemiluDamai2024 #PemiluDamaiNegeriMaju #Pemilu2024BebasHoaks #Pemilu2024MenujuIndonesiaMaju https://t.co/NE5l7vpjFe,negatif
qoryamalia998,Aparat keamanan dan organisasi seperti PBNU memainkan peran krusial dlam menjaga stabilitas &amp; mengajak semua pihak menghormati hasil Pemilu demi pembangunan &amp; harmoni sosial #Pemilu2024BebasHoaks #Pemilu2024 #PemiluDamai2024 #Pemilu2024MenujuIndonesiaMaju #PemiluDamaiNegeriMaju https://t.co/1Z7uYqWW6S,negatif
MaramaAbid,Pencoblosan Sudah Dilaksanakan Pilihan Boleh Beda Tetapi Kebersamaan Persatuan Dan Kesatuan Bangsa Haruslah Kita Jaga #pilpres2024 #kpuRI #SukseskanPemilu2024 #Pemilu2024MenujuIndonesiaMaju #Pemilu2024BebasHoaks https://t.co/ktZHf29oTR,netral
ichaswe,Pentingnya Transparansi Sirekap untuk Mencegah Potensi Delegitimasi Hasil Pemilu! #Pemilu2024BebasHoaks #Pemilu2024 #PemiluDamai2024 #Pemilu2024MenujuIndonesiaMaju #PemiluDamaiNegeriMaju https://t.co/n3JdPLO40W,positif
majunusantaraku,Menjaga Kedamaian Pasca-Pemilu Kunci Membangun Demokrasi yang Kuat. Pentingnya kedamaian pasca-Pemilu tidak bisa diabaikan sebagai fondasi utama membangun negara yang demokratis #Pemilu2024BebasHoaks #Pemilu2024 #PemiluDamai2024 #Pemilu2024MenujuIndonesiaMaju https://t.co/Y81l2GilHK,positif
pumopumi1,STOP HOAKS #Pemilu2024BebasHoaks #Pemilu2024 #PemiluDamai2024 #Pemilu2024MenujuIndonesiaMaju #PemiluDamaiNegeriMaju https://t.co/gG1ecxmrRw,ngeatif
oddositepro,Waspada Hoaks dan Provokasi Mari Jaga Kedamaian Pasca-Pemilu 2024! #Pemilu2024BebasHoaks #Pemilu2024 #PemiluDamai2024 #Pemilu2024MenujuIndonesiaMaju #PemiluDamaiNegeriMaju https://t.co/reowPeoH57,negatif
FandianJ62824,Stop hoaks. #Pemilu2024BebasHoaks #Pemilu2024 #PemiluDamai2024 #Pemilu2024MenujuIndonesiaMaju #PemiluDamaiNegeriMaju https://t.co/VNUuqFdYfH,negatif
_pritynica,Hoaks mis informasi dan dis informasi musuh kita bersama🇮🇩 #Pemilu2024 #PemiluDamai2024 #PemiluDamaiNegeriMaju #Pemilu2024BebasHoaks #Pemilu2024MenujuIndonesiaMaju https://t.co/nq9Dv45oz6,netral
KandyCashel,Segregasi dan konflik horizontal seolah menjadi residu yang tidak dapat langsung dihilangkan pasca-pemilu #Pemilu2024 #PemiluDamai2024 #PemiluDamaiNegeriMaju #Pemilu2024BebasHoaks #Pemilu2024MenujuIndonesiaMaju https://t.co/agtEhMHjve,netral
claudia_resty,Penggunaan hak angket pasca Pemilu 2024 oleh kelompok-kelompok yang tidak puas dengan hasil perhitungan suara merupakan pendekatan yang keliru. #Pemilu2024 #PemiluDamai2024 #Pemilu2024MenujuIndonesiaMaju #PemiluDamaiNegeriMaju https://t.co/ZfIRbVQxm8,negatif
Fajarputraa2,Efisiensi dan ketetapan waktu adalah kunci pemilu yang damai mari bersama kita jaga kondusitifitas dan ciptakan indonesia yang maju. #Pemilu2024 #PemiluDamai2024 #PemiluDamaiNegeriMaju #Pemilu2024BebasHoaks #Pemilu2024MenujuIndonesiaMaju https://t.co/rmhc9T2fdy,positif
BarronIndra,Jaga perdamaian dan persaudaraan pasca pelaksanaan Pemilu agar terhindar dari perpecahan bangsa. #Pemilu2024BebasHoaks #Pemilu2024 #PemiluDamai2024 #Pemilu2024MenujuIndonesiaMaju #PemiluDamaiNegeriMaju https://t.co/4e04VCu4xP,positif
BarronIndra,Keamanan dan kondusifitas pasca Pemilu dapat dimaknai sebagai pesta demokrasi Indonesia yang berjalan aman dan lancar. #Pemilu2024BebasHoaks #Pemilu2024 #PemiluDamai2024 #Pemilu2024MenujuIndonesiaMaju #PemiluDamaiNegeriMaju https://t.co/Il2V770Y1n,positif
MillyThornton18,Rapat pleno terbuka ini diharapkan meningkatkan partisipasi publik dalam pengawasan dan validasi hasil pemungutan suara. #Pemilu2024 #PemiluDamai2024 #PemiluDamaiNegeriMaju #Pemilu2024BebasHoaks #Pemilu2024MenujuIndonesiaMaju https://t.co/ndr4SZBfg6,positif
nkriberpolitik,Rekonsiliasi dan pembangunan kebangsaan pasca-Pemilu dianggap langkah esensial untuk memperkuat persatuan dan kesatuan bangsa. #Pemilu2024BebasHoaks #Pemilu2024 #PemiluDamai2024 #Pemilu2024MenujuIndonesiaMaju #PemiluDamaiNegeriMaju https://t.co/XY1BPi9pp7,positif
Inggridv112,Keberhasilan ini juga menunjukkan profesionalisme KPU Daerah memberi publik kepercayaan pada integritas dan keabsahan hasil pemilu. #Pemilu2024 #PemiluDamai2024 #PemiluDamaiNegeriMaju #Pemilu2024BebasHoaks #Pemilu2024MenujuIndonesiaMaju https://t.co/wPsV5frfaO,positif
subang_damai,"Perolehan suara dari tingkat TPS distrik hingga Kabupaten tidak ada perubahan sehingga pelaksanaan rapat lainnya dapat berjalan sesuai regulasi yang ada #Pemilu2024 #PemiluDamai2024 #PemiluDamaiNegeriMaju #Pemilu2024BebasHoaks #Pemilu2024MenujuIndonesiaMaju https://t.co/fdXUr6JoMf"",""1765981241822875817"",""https://pbs.twimg.com/media/GIIGlI1akAE6W8H.jpg"","""",""in"","""",""0"",""2"",""1"",""https://twitter.com/subang_damai/status/1765981241822875817"",""1580810947874390016"",""subang_damai""",negatif
Seorangpejuang5,Demokrasi yang sehat memandang pentingnya partisipasi bukan hanya sebagai hak memberi suara namun juga tanggung jawab membangun masyarakat yang adil dan inklusif. #Pemilu2024BebasHoaks #Pemilu2024 #PemiluDamai2024 #Pemilu2024MenujuIndonesiaMaju #PemiluDamaiNegeriMaju https://t.co/ViwgxE9bFx,netral
RasizSubekti,Menciptakan situasi kondusif pasca-Pemilu 2024 memerlukan kerjasama pemerintah aparat keamanan masyarakat dan individu. #Pemilu2024 #PemiluDamai2024 #PemiluDamaiNegeriMaju #Pemilu2024BebasHoaks #Pemilu2024MenujuIndonesiaMaju https://t.co/VySh8awrLU,netral
refaabdi,Waspada hoax! selalu cek kebenaran dari setiap informasi untuk menjaga pelaksanaan Pemilu 2024 #Pemilu2024 #PemiluDamai2024 #PemiluDamaiNegeriMaju #Pemilu2024BebasHoaks #Pemilu2024MenujuIndonesiaMaju RIP Legend Dr. Slump Bali https://t.co/GNThvBxurH,positif
_pritynica,Bangun ruang digital bersih dan sehat untuk demokrasi Indonesia yang kuat🇮🇩 #Pemilu2024 #PemiluDamai2024 #PemiluDamaiNegeriMaju #Pemilu2024BebasHoaks #Pemilu2024MenujuIndonesiaMaju https://t.co/JqS1nccovh,positif
RahmaNurlela,Indonesia Menunjukkan Kedewasaan Demokrasi dengan Persatuan dan Keharmonisan #Pemilu2024BebasHoaks #Pemilu2024 #PemiluDamai2024 #Pemilu2024MenujuIndonesiaMaju #PemiluDamaiNegeriMaju https://t.co/vdwUYyW7R9,positif
"ichaswe""",Dukung Sinergitas Semua Pihak Untuk Menjaga Stabilitas Pasca-Pemilu 2024! #Pemilu2024 #PemiluDamai2024 #PemiluDamaiNegeriMaju #Pemilu2024BebasHoaks #Pemilu2024MenujuIndonesiaMaju https://t.co/PAddqP6Las,positif
pengusahacanti1,Kinerja KPU di Pemilu 2024 menunjukkan komitmen kuat pada keadilan dan transparansi melalui regulasi ketat dan adaptasi terhadap tantangan daerah #Pemilu2024 #PemiluDamai2024 #PemiluDamaiNegeriMaju #Pemilu2024BebasHoaks #Pemilu2024MenujuIndonesiaMaju https://t.co/znDIuvsKHq,positif
icha_elsya,Rekapitulasi Suara di Daerah Berlangsung Lancar dan Kondusif. Kondusivitas rapat pleno tidak hanya meningkatkan nilai demokrasi juga mengurangi potensi konflik kepentingan yang bisa merugikan pemerintah. #PemiluDamai2024 #Pemilu2024MenujuIndonesiaMaju #PemiluDamaiNegeriMaju https://t.co/DpOcAamGCk,positif
ichaswe,Indonesia Menunjukkan Kedewasaan Demokrasi pada Pemilu 2024 dengan Persatuan dan Keharmonisan! #Pemilu2024BebasHoaks #Pemilu2024 #PemiluDamai2024 #Pemilu2024MenujuIndonesiaMaju #PemiluDamaiNegeriMaju https://t.co/q3RyA4P0G0,positif
ninie_mis,Kinerja KPU di Pemilu 2024 menunjukkan komitmen kuat pada keadilan dan transparansi melalui regulasi ketat dan adaptasi terhadap tantangan daerah #Pemilu2024 #PemiluDamai2024 #PemiluDamaiNegeriMaju #Pemilu2024BebasHoaks #Pemilu2024MenujuIndonesiaMaju https://t.co/aY3iwLJNjf,positif
RasizSubekti,Rapat pleno rekapitulasi suara yang diwajibkan oleh UU Pemilu No. 7 Tahun 2017 dan PKPU No. 5 Tahun 2024 berperan vital dalam menjaga integritas Pemilu 2024. #Pemilu2024BebasHoaks #Pemilu2024 #PemiluDamai2024 #Pemilu2024MenujuIndonesiaMaju #PemiluDamaiNegeriMaju https://t.co/IqX4UIxy0b,netral
shanks_yonko21,Solidaritas nasional dan penolakan terhadap provokasi menegaskan pentingnya kolaborasi antar elemen bangsa untuk stabilitas dan kemajuan Indonesia pasca-Pemilu 2024. #Pemilu2024 #PemiluDamai2024 #PemiluDamaiNegeriMaju #Pemilu2024BebasHoaks #Pemilu2024MenujuIndonesiaMaju https://t.co/lFNZuz3NTk1,netral
dwitamalia05,KPU daerah melaporkan keberhasilan rapat pleno terbuka penghitungan suara yang aman dan lancar menegaskan pentingnya transparansi dan akuntabilitas dalam Pemilu 2024. #Pemilu2024 #PemiluDamai2024 #PemiluDamaiNegeriMaju #Pemilu2024BebasHoaks #Pemilu2024MenujuIndonesiaMaju https://t.co/RZPfPhT4vA,negatif
TitahPandita,Indonesia telah menunjukkan kedewasaan dalam proses demokrasi dengan kesadaran tinggi akan nilai kebangsaan dan kemanusiaan sebagai fondasi utama menghadapi masa depan. #Pemilu2024BebasHoaks #Pemilu2024 #PemiluDamai2024 #Pemilu2024MenujuIndonesiaMaju #PemiluDamaiNegeriMaju https://t.co/RaJjWtdCwU,positif
sellamoore,Pelaksanaan pemilu serentak dapat terlaksana berkat profesionalisme dan integritas KPU ditunjang sosialisasi dan koordinasi efektif dengan berbagai pihak. #Pemilu2024 #PemiluDamai2024 #PemiluDamaiNegeriMaju #Pemilu2024BebasHoaks #Pemilu2024MenujuIndonesiaMaju https://t.co/02b2NH1Oa8,netral
sellamoore,KPU telah menunjukkan dedikasi luar biasa dalam menggelar Pemilu 2024 meskipun menghadapi kendala teknis seperti masalah Sirekap dan pelaksanaan PSU di beberapa tempat. #Pemilu2024 #PemiluDamai2024 #PemiluDamaiNegeriMaju #Pemilu2024BebasHoaks #Pemilu2024MenujuIndonesiaMaju https://t.co/QqN99r8EEo,positif
BengkuluPacak,Indonesia telah menunjukkan kedewasaan dalam proses demokrasi dengan kesadaran tinggi akan nilai kebangsaan dan kemanusiaan sebagai fondasi utama menghadapi masa depan. #Pemilu2024BebasHoaks #Pemilu2024 #PemiluDamai2024 #Pemilu2024MenujuIndonesiaMaju #PemiluDamaiNegeriMaju https://t.co/uKHN3nZtHZ,positif
ud24185000,Pujian internasional terhadap penyelenggaraan Pemilu 2024 Indonesia yang damai dan demokratis khususnya dari pertemuan ASEAN-Australia menjadi motivasi bagi Indonesia #Pemilu2024 #PemiluDamai2024 #PemiluDamaiNegeriMaju #Pemilu2024BebasHoaks #Pemilu2024MenujuIndonesiaMaju https://t.co/CEGk4MV2gK,positif
Lestariad20,Dengan keterlibatan langsung saksi partai dan pengawasan publik diharapkan dapat mengeliminasi potensi manipulasi memperkuat kepercayaan publik dan menjamin legitimasi demokrasi. #Pemilu2024 #PemiluDamai2024 #Pemilu2024MenujuIndonesiaMaju https://t.co/QgW3kJYJwh,netral
gwynethiraadong,Kesuksesan Pemilu 2024 yang berlangsung aman dan kondusif adalah hasil dari koordinasi dan kerjasama antar stakeholder dan masyarakat #Pemilu2024BebasHoaks #Pemilu2024 #PemiluDamai2024 #Pemilu2024MenujuIndonesiaMaju #PemiluDamaiNegeriMaju https://t.co/aPAbvkEvYx,positif
gwynethiraadong,KPU RI memulai rapat pleno terbuka rekapitulasi suara Pemilu 2024 menekankan pada transparansi dan integritas hasil. Masyarakat diminta bersabar dan menjaga kedamaian. #Pemilu2024 #PemiluDamai2024 #PemiluDamaiNegeriMaju #Pemilu2024BebasHoaks #Pemilu2024MenujuIndonesiaMaju https://t.co/lkzlT1Ln6a,positif
deniangria,KPU telah berdedikasi luar biasa dalam menggelar Pemilu 2024 meskipun menghadapi kendala teknis seperti masalah aplikasi Sirekap dan pelaksanaan PSU di beberapa tempat. #Pemilu2024 #PemiluDamai2024 #PemiluDamaiNegeriMaju #Pemilu2024BebasHoaks #Pemilu2024MenujuIndonesiaMaju https://t.co/OyWoxhS7xD,positif
Aruwana,KTT ini menegaskan pentingnya menerima hasil Pemilu dan mendukung pemenang mendorong semua pihak untuk bersatu mempercepat pemulihan kondusifitas dan pembangunan Indonesia #PemiluDamai2024 #Pemilu2024BebasHoaks #Pemilu2024MenujuIndonesiaMaju https://t.co/NOpucaW7Wx,positif
DedeKiven,Bulan Ramadhan harus menjadi momentum untuk meredam konflik dan perpecahan antar kelompok 🇮🇩🇮🇩 #Pemilu2024 #PemiluDamai2024 #PemiluDamaiNegeriMaju #Pemilu2024BebasHoaks #Pemilu2024MenujuIndonesiaMaju https://t.co/1yxexGzAH7,positif
Pol_Habinsaran,Kapolsek habinsaran beserta anggota laksanakan Giat monitoring dan pengamanan rekap suara tingkat kecamatan di wilkum polsek habinsaran. #Damaiindonesia #pemiludamai2024 #Polsekhabinsaran #poldasumaterautara https://t.co/SqTtTneBIV,netral
DaisyNg_1,Kedua inisiatif teknologi ini bertujuan untuk mengurangi manipulasi suara dan menjamin integritas proses demokrasi menandai langkah maju dalam memastikan pemilu yang transparan dan adil. #Pemilu2024BebasHoaks #Pemilu2024 #PemiluDamai2024 #Pemilu2024MenujuIndonesiaMaju https://t.co/57Rhi1sOMY,negatif
Polsek_Kalidoni,Kapolrestabes Palembang beserta Wakapolrestabes Palembang cek keamanan dan kesiapan PPK dalam melaksanakan rekapitulasi sekaligus memberikan motivasi kepada personel Pengamanan dalam rangkaian Pemilu Tahun 2024. #spripimpolri #rachmadwibowo #kapoldasumsel #pemiludamai2024 https://t.co/4qKadeSIQv,netral
Wulanda94104964,Jaga pemilu Damai Pemilu 2024 yang berkualitas dan demokratis menjadi tonggak kemajuan Indonesia. #Pemilu2024BebasHoaks #Pemilu2024 #PemiluDamai2024 #Pemilu2024MenujuIndonesiaMaju #PemiluDamaiNegeriMaju https://t.co/TJgDxmR3hL,netral
Wulanda94104964,Kawal pemilu Damai sampai selesai Pemilu 2024 yang berkualitas dan demokratis menjadi tonggak kemajuan Indonesia. #Pemilu2024BebasHoaks #Pemilu2024 #PemiluDamai2024 #Pemilu2024MenujuIndonesiaMaju #PemiluDamaiNegeriMaju https://t.co/jVF4XnEdNd,netral
Wulanda94104964,Ayo awasi dan kawal jalanya perhitungan suara pemilu 2024 Pemilu 2024 yang berkualitas dan demokratis menjadi tonggak kemajuan Indonesia. #Pemilu2024BebasHoaks #Pemilu2024 #PemiluDamai2024 #Pemilu2024MenujuIndonesiaMaju #PemiluDamaiNegeriMaju https://t.co/lilIYaGABA,netral
Polresta_DPS,Pengamanan Tahap Rekapitulasi Hitung Suara Pemilu 2024 Polresta Denpasar dan Polsek Jajaran memastikan keamanan dalam Tahap Rekapitulasi Hitung Suara Pemilu 2024 yang dilaksanakan di masing-masing PPK Kecamatan di Daerah hukum Polresta Denpasar . #Pemiludamai2024 https://t.co/YLZqHQtQmi,positif
pengusahacanti1,Pemilu 2024 yang berkualitas dan demokratis menjadi tonggak kemajuan Indonesia #Pemilu2024BebasHoaks #Pemilu2024 #PemiluDamai2024 #Pemilu2024MenujuIndonesiaMaju #PemiluDamaiNegeriMaju https://t.co/ODzOxPCLE1,positif
refaabdi,Pemilu 2024 yang berkualitas dan demokratis menjadi tonggak kemajuan Indonesia. #Pemilu2024BebasHoaks #Pemilu2024 #PemiluDamai2024 #Pemilu2024MenujuIndonesiaMaju #PemiluDamaiNegeriMaju https://t.co/jCm722iuO0,positif
_pritynica,Persatuan dan kesatuan bangsa adalah kunci untuk mencapai pembangunan yang berkelanjutan 🇮🇩 #Pemilu2024BebasHoaks #Pemilu2024 #PemiluDamai2024 #Pemilu2024MenujuIndonesiaMaju #PemiluDamaiNegeriMaju https://t.co/gpZZZgxsv9,positif
PiraArini,Pemungutan suara yang aman di Papua dan daerah konflik lain menjadi simbol kemajuan demokrasi Indonesia. #Pemilu2024BebasHoaks #Pemilu2024 #PemiluDamai2024 #Pemilu2024MenujuIndonesiaMaju #PemiluDamaiNegeriMaju https://t.co/CDedxy8gwG,negatif
PesulapGondrong,Pemilu Damai di Daerah Konflik: Simbol Kemajuan Demokrasi Indonesia Pemungutan suara yang aman di Papua dan daerah konflik lain menjadi simbol kemajuan demokrasi Indonesia. #Pemilu2024BebasHoaks #Pemilu2024 #PemiluDamai2024 #Pemilu2024MenujuIndonesiaMaju https://t.co/cBSBJAxjnd,negatif
DedeKiven,Persatuan dan kesatuan bangsa adalah kunci untuk mencapai pembangunan yang berkelanjutan 🇮🇩 #Pemilu2024BebasHoaks #Pemilu2024 #PemiluDamai2024 #Pemilu2024MenujuIndonesiaMaju #PemiluDamaiNegeriMaju,positif
rusli_amarrul,Hak Angket bukan untuk mencari kalah dan menang ya. Tetapi mencari kebenaran soal pelaksanaan UU atau kebijakan pemerintah. #Pemilu2024 #pemiludamai2024 Moeldoko MKMK Sirekap https://t.co/K8RYpiKLhF,negatif
Moyne897,@littlemanjamin Ketenangan pemilu di Papua dan daerah konflik mencerminkan kemajuan demokrasi Indonesia. Peran penting aparat keamanan dan PBNU dalam menjaga stabilitas dan menghormati hasil pemilu. #Pemilu2024BebasHoaks #PemiluDamai2024,netral
trisandi58,Indonesia Menunjukkan Kedewasaan Demokrasi dengan Persatuan dan Keharmonisan #Pemilu2024BebasHoaks #Pemilu2024 #PemiluDamai2024 #Pemilu2024MenujuIndonesiaMaju #PemiluDamaiNegeriMaju https://t.co/psYg4M6Bd6,positif
deniangria,KPU telah menjalankan tahap kritis Pemilu 2024 dengan berbagai tantangan seperti pencoblosan ulang di beberapa wilayah karena faktor geografis dan cuaca. #Pemilu2024BebasHoaks #Pemilu2024 #PemiluDamai2024 #Pemilu2024MenujuIndonesiaMaju #PemiluDamaiNegeriMaju https://t.co/EPpbo6bhj0,positif
Aruwana,Klarifikasi data DPT dan penanganan honorarium serta kesehatan petugas KPPS menjadi prioritas untuk menjaga transparansi dan meningkatkan kepercayaan publik terhadap hasil Pemilu 2024 #Pemilu2024BebasHoaks #Pemilu2024 #PemiluDamai2024 #PemiluDamaiNegeriMaju https://t.co/SAkwNqDWag,positif
pengusahacanti1,Mahkamah Konstitusi telah menjalankan tugas sengketa Pemilu sesuai peraturan perundang-undangan membuat keputusannya final dan tak terpengaruh oleh Hak Angket DPR #Pemilu2024BebasHoaks #Pemilu2024 #PemiluDamai2024 #Pemilu2024MenujuIndonesiaMaju #PemiluDamaiNegeriMaju https://t.co/GuHtTtVNBX,netral
Celebxs,KPU telah menjalankan tahap kritis Pemilu 2024 dengan berbagai tantangan seperti pencoblosan ulang di beberapa wilayah karena faktor geografis dan cuaca serta penghitungan suara ulang #Pemilu2024BebasHoaks #Pemilu2024 #PemiluDamai2024 #PemiluDamaiNegeriMaju https://t.co/rGU6N5OEnW,positif
Celebxs,Klarifikasi data DPT dan penanganan honorarium serta kesehatan petugas KPPS menjadi prioritas untuk menjaga transparansi dan meningkatkan kepercayaan publik terhadap hasil Pemilu 2024 #Pemilu2024BebasHoaks #Pemilu2024 #PemiluDamai2024 #PemiluDamaiNegeriMaju https://t.co/rG5cxVqCIs,positif
RasizSubekti,Perbedaan pendapat pasca-Pemilu 2024 antara masyarakat pemerintah dan akar rumput membutuhkan penanganan yang bijaksana. #Pemilu2024 #PemiluDamai2024 #PemiluDamaiNegeriMaju #Pemilu2024BebasHoaks #Pemilu2024MenujuIndonesiaMaju https://t.co/IQAK09eE7n,netral
gwynethiraadong,Dengan pemilihan yang berjalan adil dan terbuka diharapkan dapat mendorong situasi damai dan stabilitas mendukung kemajuan dan pembangunan Indonesia. #Pemilu2024BebasHoaks #Pemilu2024 #PemiluDamai2024 #Pemilu2024MenujuIndonesiaMaju #PemiluDamaiNegeriMaju https://t.co/O7bbgI86zE,netral
gundamzet4,Kinerja KPU di Pemilu 2024 menunjukkan komitmen kuat pada keadilan dan transparansi melalui regulasi ketat dan adaptasi terhadap tantangan daerah!! #Pemilu2024 #PemiluDamai2024 #PemiluDamaiNegeriMaju #Pemilu2024BebasHoaks #Pemilu2024MenujuIndonesiaMaju https://t.co/xC4hBuOivX,positif
gwynethiraadong,Rekonsiliasi dan pembangunan kebangsaan pasca-Pemilu dianggap langkah esensial untuk memperkuat persatuan dan kesatuan bangsa. #Pemilu2024BebasHoaks #Pemilu2024 #PemiluDamai2024 #Pemilu2024MenujuIndonesiaMaju #PemiluDamaiNegeriMaju https://t.co/E1RnxddZFl,positif
gwynethiraadong,Indonesia telah menunjukkan kedewasaan dalam proses demokrasi dengan kesadaran tinggi akan nilai kebangsaan dan kemanusiaan sebagai fondasi utama menghadapi masa depan. #Pemilu2024BebasHoaks #Pemilu2024 #PemiluDamai2024 #Pemilu2024MenujuIndonesiaMaju #PemiluDamaiNegeriMaju https://t.co/UWwKWBrabs,positif
gwynethiraadong,Kondusivitas rapat pleno tidak hanya meningkatkan nilai demokrasi tetapi juga mengurangi potensi konflik kepentingan yang bisa merugikan pemerintah. Ini merupakan langkah esensial untuk suksesnya pesta demokrasi. #Pemilu2024BebasHoaks #Pemilu2024 #PemiluDamai2024 https://t.co/qPT56Qqj2D,negatif
bocahsok_keras,Bangun Ruang Digital bersih dam sehat untuk demokrasi Indonesia 2024. Pemilu tanpa hoaks. #Pemilu2024 #PemiluDamai2024 #PemiluDamaiNegeriMaju https://t.co/BzXJ4RmvX6,positif
bocahsok_keras,Hoaks Misinformasi dan Disinformasi musuh kita bersama. Pemilu 2024 sukses damai dan bermartabat. #Pemilu2024 #PemiluDamai2024 #PemiluDamaiNegeriMaju https://t.co/TKUndBiZcp,negatif
gundamzet4,Indonesia telah menunjukkan kedewasaan dalam proses demokrasi dengan kesadaran tinggi akan nilai kebangsaan dan kemanusiaan sebagai fondasi utama menghadapi masa depan!! #Pemilu2024BebasHoaks #Pemilu2024 #PemiluDamai2024 #Pemilu2024MenujuIndonesiaMaju #PemiluDamaiNegeriMaju https://t.co/oodE22GDu9,positif
macesonyaa,Indonesia telah menunjukkan kedewasaan dalam proses demokrasi dengan kesadaran tinggi akan nilai kebangsaan dan kemanusiaan sebagai fondasi utama menghadapi masa depan. #Pemilu2024BebasHoaks #Pemilu2024 #PemiluDamai2024 #Pemilu2024MenujuIndonesiaMaju #PemiluDamaiNegeriMaju https://t.co/dXzaWoXBEN,positif
dwitamalia05,Indonesia telah menunjukkan kedewasaan dalam proses demokrasi dengan kesadaran tinggi akan nilai kebangsaan dan kemanusiaan sebagai fondasi utama menghadapi masa depan. #Pemilu2024BebasHoaks #Pemilu2024 #PemiluDamai2024 #Pemilu2024MenujuIndonesiaMaju #PemiluDamaiNegeriMaju https://t.co/jqMGC0Ky0U,positif
icha_elsya,KPU daerah melaporkan keberhasilan rapat pleno terbuka penghitungan suara yang aman dan lancar menegaskan pentingnya transparansi dan akuntabilitas dalam Pemilu 2024. #Pemilu2024 #PemiluDamai2024 #PemiluDamaiNegeriMaju #Pemilu2024BebasHoaks #Pemilu2024MenujuIndonesiaMaju https://t.co/iCPZiMWP1L,positif
Moyne897,@refaabdi Jaga keberagaman dan hindari konflik dengan menyebarkan informasi yang benar. #Pemilu2024BebasHoaks #PemiluDamai2024 B164,netral
Infoterkini265,Pujian internasional terhadap penyelenggaraan Pemilu 2024 Indonesia yang damai dan demokratis khususnya dari pertemuan ASEAN-Australia menjadi motivasi bagi Indonesia untuk mengatasi polarisasi dan merajut kembali harmoni nasional. #Pemilu2024 #PemiluDamai2024 https://t.co/YWYSAELNqQ,positif
will_william02,Apresiasi Internasional untuk Pemilu Damai Indonesia 2024 dan Ajakan untuk Rekonsiliasi Nasional #Pemilu2024 #PemiluDamai2024 #PemiluDamaiNegeriMaju #Pemilu2024BebasHoaks #Pemilu2024MenujuIndonesiaMaju https://t.co/oH8bJmMTDS,positif
MillyThornton18,Motivasi bagi Indonesia untuk mengatasi polarisasi dan merajut kembali harmoni nasional. #Pemilu2024 #PemiluDamai2024 #PemiluDamaiNegeriMaju #Pemilu2024BebasHoaks #Pemilu2024MenujuIndonesiaMaju https://t.co/CHeSZLBI5V,positif
Villahanifah,KPU RI memulai rapat pleno terbuka rekapitulasi suara Pemilu 2024 menekankan pada transparansi dan integritas hasil #Pemilu2024 #PemiluDamai2024 #PemiluDamaiNegeriMaju #Pemilu2024BebasHoaks #Pemilu2024 https://t.co/aYLUY9avEH,positif
makmur_o,Bulan Ramadhan harus menjadi momentum untuk meredam konflik dan perpecahan antar kelompok politik setelah/pasca masa Pemilu 2024. #Pemilu2024 #PemiluDamai2024 #PemiluDamaiNegeriMaju #Pemilu2024BebasHoaks #Pemilu2024MenujuIndonesiaMaju https://t.co/IMn36RVl3a,positif
AAntakawulan,Pujian internasional terhadap penyelenggaraan Pemilu 2024 Indonesia yang damai dan demokratis khususnya dari pertemuan ASEAN-Australia #Pemilu2024 #PemiluDamai2024 #PemiluDamaiNegeriMaju #Pemilu2024BebasHoaks #Pemilu2024MenujuIndonesiaMaju https://t.co/Kt76pZAfgW,positif
jejelucious,KTT ini menegaskan pentingnya menerima hasil Pemilu dan mendukung pemenang mendorong semua pihak untuk bersatu mempercepat pemulihan kondusifitas dan pembangunan Indonesia. #Pemilu2024 #PemiluDamai2024 #PemiluDamaiNegeriMaju #Pemilu2024BebasHoaks #Pemilu2024MenujuIndonesiaMaju https://t.co/R0dIhzlZz6,positif
Kamarudin7S,Jangan mudah terprovokasi. Tunggu hasil resmi KPU. Mari sukseskan Pemilu 2024 dengan Aman dan damai. #PemiluDamai2024 #Pemilu2024 https://t.co/sE8B3ezKoc,negatif
tetapnkri17,Hak angket DPR tidak mewakili aspirasi rakyat #Pemilu2024 #PemiluDamai2024 #PemiluDamaiNegeriMaju #Pemilu2024AmanDamai https://t.co/xIDK0pq5Y6,negatif
elvira_tika,Bersabar menunggu hasil Pemilu yang akan disampaikan oleh KPU. Mari sukseskan Pemilu 2024 dengan Aman dan damai. #pilpres2024 #PemiluDamai2024 #Pemilu2024 https://t.co/1kFmR7a7hs,netral
Seorangpejuang5,Pemilu 2024 yang berkualitas dan demokratis menjadi tonggak kemajuan Indonesia. Partisipasi masyarakat yang aktif persatuan nasional kondusivitas keamanan #Pemilu2024BebasHoaks #Pemilu2024 #PemiluDamai2024 #Pemilu2024MenujuIndonesiaMaju #PemiluDamaiNegeriMaju https://t.co/tyT0OPhGnL,positif
KandyCashel,Demokrasi hanya bisa maju jika kita bersatu! Ayo wujudkan Pemilu damai #Pemilu2024BebasHoaks #Pemilu2024 #PemiluDamai2024 #Pemilu2024MenujuIndonesiaMaju #PemiluDamaiNegeriMaju https://t.co/lTk1o5UAQN,positif
Fajarputraa2,Imbauan Sejumlah Tokoh untuk Menjaga Persatuan dan Suasana Damai Pasca Pemungutan Suara Pemilu 2024 #Pemilu2024 #PemiluDamai2024 #PemiluDamaiNegeriMaju #Pemilu2024BebasHoaks #Pemilu2024MenujuIndonesiaMaju https://t.co/aASwLRjGnW,netral
AnzaliaTihani01,Upy bersama ini esensial untuk memastikan proses Pemilu yang lancar dan transparan mendukung legitimasi hasil dan memperkuat fondasi demokrasi dengan informasi yang akurat #Pemilu2024 #PemiluDamai2024 #PemiluDamaiNegeriMaju #Pemilu2024BebasHoaks #Pemilu2024MenujuIndonesiaMaju https://t.co/tSdpXCkOQE58464213339746584,netral
Inggridv112,Penghargaan diberikan kepada bangsa Indonesia yang di tahun politik ini berhasil menjaga persatuan meskipun terdapat perbedaan pilihan politik. #Pemilu2024 #PemiluDamai2024 #PemiluDamaiNegeriMaju #Pemilu2024BebasHoaks #Pemilu2024MenujuIndonesiaMaju https://t.co/pAiL4n5tJ6,positif
BohayGaca,Pemilu 2024 yang berkualitas dan demokratis menjadi tonggak kemajuan Indonesia. #Pemilu2024BebasHoaks #Pemilu2024 #PemiluDamai2024 #Pemilu2024MenujuIndonesiaMaju #PemiluDamaiNegeriMaju https://t.co/Y98NddT5oP,positif
macesonyaa,KPU telah menciptakan aplikasi Sirekap inovasi revolusioner untuk penghitungan suara yang cepat dan akurat untuk Pemilu 2024. #Pemilu2024BebasHoaks #Pemilu2024 #PemiluDamai2024 #Pemilu2024MenujuIndonesiaMaju #PemiluDamaiNegeriMaju https://t.co/q19kFyIOE9,positif
khorimkarim,Menurut Undang-Undang hasil Pemilu ditentukan oleh suara sah pemilih dalam pemungutan suara yang teratur. #Pemilu2024BebasHoaks #Pemilu2024 #PemiluDamai2024 #Pemilu2024MenujuIndonesiaMaju #PemiluDamaiNegeriMaju https://t.co/VGAXC1Wwtx,netral
DaisyNg_1,Penggunaan hak angket pasca Pemilu 2024 oleh kelompok-kelompok yang tidak puas dengan hasil perhitungan suara merupakan pendekatan yang keliru. #Pemilu2024BebasHoaks #Pemilu2024 #PemiluDamai2024 #Pemilu2024MenujuIndonesiaMaju #PemiluDamaiNegeriMaju https://t.co/Z51Z3muxMp,negatif
Fransis88695069,KPU telah menjalankan tahap kritis Pemilu 2024 dengan berbagai tantangan seperti pencoblosan ulang di beberapa wilayah karena faktor geografis dan cuaca. #Pemilu2024BebasHoaks #Pemilu2024 #PemiluDamai2024 #Pemilu2024MenujuIndonesiaMaju #PemiluDamaiNegeriMaju https://t.co/vlQ8GNiBbr,positif
PiraArini,Pemungutan suara yang aman di Papua dan daerah konflik lain menjadi simbol kemajuan demokrasi Indonesia. #Pemilu2024BebasHoaks #Pemilu2024 #PemiluDamai2024 #Pemilu2024MenujuIndonesiaMaju #PemiluDamaiNegeriMaju https://t.co/CDedxy8gwG,positif
Aruwana,KPU telah menjalankan tahap kritis Pemilu 2024 dengan berbagai tantangan seperti pencoblosan ulang di beberapa wilayah karena faktor geografis dan cuaca serta penghitungan suara ulang #Pemilu2024BebasHoaks #Pemilu2024 #PemiluDamai2024 #PemiluDamaiNegeriMaju https://t.co/hsuzqPanrm,positif
ebonyboni3,Demi mewujudkan Pemilu 2024 yang damai dan bermartabat pentingnya kesadaran kolektif dalam melawan penyebaran hoaks #Pemilu2024 #PemiluDamai2024 #PemiluDamaiNegeriMaju #Pemilu2024BebasHoaks #Pemilu2024MenujuIndonesiaMaju https://t.co/bXTMm7zBkB,positif
BohayGaca,Membangun Kedamaian Pasca-Pemilu 2024 Mewujudkan Keadilan Toleransi dan Inklusivitas #Pemilu2024 #PemiluDamai2024 #PemiluDamaiNegeriMaju #Pemilu2024BebasHoaks #Pemilu2024MenujuIndonesiaMaju https://t.co/8s9DUa2GKZ,positif
Lestariad20,KPU RI memulai rapat pleno terbuka rekapitulasi suara Pemilu 2024 menekankan pada transparansi dan integritas hasil. #PemiluDamaiNegeriMaju #Pemilu2024BebasHoaks https://t.co/X7cnG0zDOM,positif
takarratu05,Indonesia Menunjukkan Kedewasaan Demokrasi dengan Persatuan dan Keharmonisan #Pemilu2024BebasHoaks #Pemilu2024 #PemiluDamai2024 #Pemilu2024MenujuIndonesiaMaju #PemiluDamaiNegeriMaju https://t.co/SMFucKdjrY,positif
KarinKosegeran,Pujian internasional terhadap penyelenggaraan Pemilu 2024 Indonesia yang damai dan demokratis khususnya dari pertemuan ASEAN-Australia menjadi motivasi bagi Indonesia untuk mengatasi polarisasi dan merajut kembali harmoni nasional. #PemiluDamaiNegeriMaju #Pemilu2024BebasHoaks https://t.co/xxmhzSDeW3,positif
rahmansurahmany,Pujian internasional terhadap penyelenggaraan Pemilu 2024 Indonesia yang damai dan demokratis #Pemilu2024 #PemiluDamai2024 #PemiluDamaiNegeriMaju #Pemilu2024BebasHoaks #Pemilu2024MenujuIndonesiaMaju https://t.co/Bi2UxYwdxC,positif
valdoloompa,Pujian internasional terhadap penyelenggaraan Pemilu 2024 Indonesia yang damai dan demokratis khususnya dari pertemuan ASEAN-Australia menjadi motivasi bagi Indonesia untuk mengatasi polarisasi dan merajut kembali harmoni nasional. #PemiluDamaiNegeriMaju #Pemilu2024BebasHoaks https://t.co/orgTWvDCNy,positif
will_william02,Sinergitas semua pihak penting untuk mengatasi isu negatif dan menjaga kondusivitas pasca-Pemilu. #Pemilu2024BebasHoaks #Pemilu2024 #PemiluDamai2024 #Pemilu2024MenujuIndonesiaMaju #PemiluDamaiNegeriMaju https://t.co/dQRltUpNuM,negatif
"AnzaliaTihani01""",KPU RI memulai rapat pleno terbuka rekapitulasi suara Pemilu 2024 menekankan pada transparansi dan integritas hasil #Pemilu2024 #PemiluDamai2024 #PemiluDamaiNegeriMaju #Pemilu2024BebasHoaks #Pemilu2024 https://t.co/qM5tqI2LDn,positif
Bangsaindo,Hak angket DPR tidak mewakili aspirasi rakyat #Pemilu2024 #PemiluDamai2024 #PemiluDamaiNegeriMaju #Pemilu2024AmanDamai https://t.co/Ggdlakmj9W,negatif
CristiHilma,KPU telah menunjukkan dedikasi luar biasa dalam menggelar Pemilu 2024 meskipun menghadapi kendala teknis seperti masalah aplikasi Sirekap dan pelaksanaan PSU di beberapa tempat. #Pemilu2024 #PemiluDamai2024 #PemiluDamaiNegeriMaju #Pemilu2024BebasHoaks https://t.co/AeRiKL4G28,positif
PancasilaBumi,KPU RI memulai rapat pleno terbuka rekapitulasi suara Pemilu 2024 menekankan pada transparansi dan integritas hasil. #Pemilu2024 #PemiluDamai2024 #PemiluDamaiNegeriMaju #Pemilu2024BebasHoaks #Pemilu2024MenujuIndonesiaMaju https://t.co/G7pwSqaUb5,positif
Kamarudin7S,KTT ini menegaskan pentingnya menerima hasil Pemilu dan mendukung pemenang mendorong semua pihak untuk bersatu mempercepat pemulihan kondusifitas dan pembangunan Indonesia. #Pemilu2024 #PemiluDamai2024 #PemiluDamaiNegeriMaju #Pemilu2024BebasHoaks #Pemilu2024MenujuIndonesiaMaju https://t.co/pIpZYrgmQM,positif
Kamarudin7S,Pujian internasional terhadap penyelenggaraan Pemilu 2024 Indonesia yang damai dan demokratis menjadi motivasi bagi Indonesia untuk mengatasi polarisasi dan merajut kembali harmoni nasional. #Pemilu2024 #PemiluDamai2024 #PemiluDamaiNegeriMaju #Pemilu2024BebasHoaks https://t.co/vffSHazSXf,positif